Window_Label,Slide_window1,Slide_window2,Slide_window3,Slide_window4,Slide_window5,Slide_window6,Slide_window7,Slide_window8,Slide_window9,Slide_window10,Slide_window11,Slide_window12,Slide_window13,Slide_window14,Slide_window15,Slide_window16,Slide_window17,Slide_window18,Slide_window19,Slide_window20,Slide_window21,Slide_window22,Slide_window23,Slide_window24,Slide_window25,Slide_window26,Slide_window27,Slide_window28,Slide_window29,Slide_window30,Slide_window31,Slide_window32,Slide_window33,Slide_window34,Slide_window35,Slide_window36,Slide_window37,Slide_window38,Slide_window39,Slide_window40,Slide_window41,Slide_window42,Slide_window43,Slide_window44,Slide_window45,Slide_window46,Slide_window47,Slide_window48,Slide_window49,Slide_window50,Slide_window51,Slide_window52,Slide_window53,Slide_window54,Slide_window55,Slide_window56,Slide_window57,Slide_window58,Slide_window59,Slide_window60,Slide_window61,Slide_window62,Slide_window63,Slide_window64,Slide_window65,Slide_window66,Slide_window67,Slide_window68,Slide_window69,Slide_window70,Slide_window71,Slide_window72,Slide_window73,Slide_window74,Slide_window75,Slide_window76,Slide_window77,Slide_window78,Slide_window79,Slide_window80,Slide_window81,Slide_window82,Slide_window83,Slide_window84,Slide_window85,Slide_window86,Slide_window87,Slide_window88,Slide_window89,Slide_window90,Slide_window91,Slide_window92,Slide_window93,Slide_window94,Slide_window95,Slide_window96,Slide_window97,Slide_window98,Slide_window99,Slide_window100,Slide_window101,Slide_window102,Slide_window103,Slide_window104,Slide_window105,Slide_window106,Slide_window107,Slide_window108,Slide_window109,Slide_window110,Slide_window111,Slide_window112,Slide_window113,Slide_window114,Slide_window115,Slide_window116,Slide_window117,Slide_window118,Slide_window119,Slide_window120,Slide_window121,Slide_window122,Slide_window123,Slide_window124,Slide_window125,Slide_window126,Slide_window127,Slide_window128,Slide_window129,Slide_window130,Slide_window131,Slide_window132,Slide_window133,Slide_window134,Slide_window135,Slide_window136,Slide_window137,Slide_window138,Slide_window139,Slide_window140,Slide_window141,Slide_window142,Slide_window143,Slide_window144,Slide_window145,Slide_window146
0,0.016557300463318825,0.016557300463318825,0.02182665280997753,0.0,0.0,0.0,0.0,0.0,0.0,0.0,0.0,0.0,0.0,0.0,0.0,0.0,0.0,0.0,0.0,0.0,0.0,0.0,0.0,0.0,0.0,0.0,0.0,2.7983930332566597e-42,0.0,0.0,0.0,0.0,0.0,0.0,0.0,0.0,0.0,0.0,0.0,0.0,7.156255488039632e-20,0.0,0.0,0.0,0.0,0.0,0.0,0.0,4.203895392974451e-45,0.0,0.0,0.0,0.0,0.0,0.0,0.0,0.0,0.0,8.890506386638464e-12,0.0,0.0,0.0,0.0,0.0,0.0,0.0,0.0,0.0,0.0,0.0,0.0,0.0,0.0,0.0,0.0,0.0,0.0,0.0,0.0,0.0,0.0,0.0,0.0,0.0,0.0,0.0,0.0,0.0,0.0,0.0,0.0,0.0,0.0,0.0,0.0,0.0,0.0,0.0,0.0,5.6991205790295365e-31,0.0,0.0,0.0,0.0,0.0,0.0,0.0,0.0,0.0,0.0,0.0,0.0,0.0,0.0,0.0,0.0,0.0,0.0,0.0,0.0,0.0,0.0,0.0,0.0,0.0,0.0,0.0,0.0,0.0,0.0,0.0,0.0,0.0,0.0,0.0,0.0,0.0,0.0,0.0,0.0,0.0,0.0,0.0,0.0,0.016557300463318825,0.016557300463318825
1,0.017951812595129013,0.017951812595129013,0.028049346059560776,0.0,0.0,0.0,0.0,0.0,0.0,0.0,0.0,0.0,0.0,0.0,0.0,0.0,0.0,0.0,0.0,0.0,0.0,0.0,0.0,0.0,0.0,0.0,0.0,0.0,0.0,0.0,0.0,0.0,0.0,0.0,0.0,0.0,0.0,0.0,0.0,0.0,1.2830496131530745e-37,0.0,0.0,0.0,0.0,0.0,0.0,0.0,0.0,0.0,0.0,0.0,0.0,0.0,0.0,0.0,0.0,0.0,0.007382890209555626,0.0,0.0,0.0,0.0,0.0,0.0,0.0,0.0,0.0,0.0,0.0,0.0,0.0,0.0,0.0,0.0,0.0,0.0,0.0,0.0,2.495468458770014e-38,0.0,0.0,0.0,0.0,0.0,0.0,0.0,0.0,0.0,0.0,1.9232494499253764e-33,0.0,0.0,0.0,0.0,0.0,0.0,0.0,0.0,0.0,0.0,0.0,0.0,0.0,0.0,0.0,0.0,0.0,0.0,0.0,0.0,0.0,0.0,0.0,0.0,0.0,0.0,0.0,0.0,0.0,0.0,0.0,0.0,0.0,9.782255785980364e-39,0.0,0.0,0.0,0.0,0.0,0.0,0.0,0.0,0.0,0.0,0.0,0.0,0.0,0.0,0.0,0.0,0.0,0.0,2.6799833130212126e-40,0.017951812595129013,0.017951812595129013
2,0.016149291768670082,0.016149291768670082,0.028453459963202477,0.0,5.045531361247413e-05,0.0,0.0,0.0,0.0,0.0,2.766371767417245e-29,0.0,0.0,0.0,0.0,0.0,0.0,0.0,0.0,0.0,0.0,0.0,0.0,0.3181341886520386,0.0,0.0,0.0,0.0,0.0,0.0,0.0,0.0,0.0,0.0,0.0,0.0,0.0,0.0,0.0,0.0,5.605193857299268e-43,0.0,0.0,0.0,0.0,0.0,0.0,0.0,0.0,0.0,0.0,1.0,0.0,1.0495513436126203e-07,2.5878337017994584e-37,0.0,1.0,0.0,1.6063411294453545e-06,0.0,0.0,0.0,0.0,0.0,0.0,0.0,0.0,0.0,0.0,0.0,0.0,1.9679091986438014e-28,0.0,1.0,0.0,0.0,1.0,0.0,1.0,0.0,0.0,0.0,0.0,0.0,3.814250652316523e-31,0.0,0.0,0.0,0.0,7.877937243276675e-26,0.0,0.0,0.0,0.0,1.0,0.0,0.0,0.0,0.0,0.0,0.0,0.0,0.0,0.0,0.0,0.0,0.0,0.0,0.0,0.0,0.0,0.0,0.0,0.0,0.0,0.0,0.0,0.0,0.0,0.0,0.0,6.421127152966685e-20,0.0,0.0,0.0,0.0,0.9999527931213379,0.0,0.0,0.0,0.0,8.515632922101306e-36,1.489846492132748e-23,0.0,0.0,0.0,0.0,0.0,0.0,0.0,0.0,0.0,0.0,0.0,0.016149291768670082,0.016149291768670082
3,0.01592431403696537,0.01592431403696537,0.02080998383462429,0.0,0.0,0.0,0.0,0.0,0.0,0.0,0.0,0.0,0.0,0.0,0.0,0.0,0.0,0.0,0.0,0.0,0.0,0.0,0.0,0.0,0.0,0.0,0.0,7.603958454768277e-37,0.0,0.0,0.0,0.0,0.0,0.0,0.0,0.0,0.0,0.0,0.0,0.0,5.921179654512193e-39,0.0,0.0,0.0,0.0,1.154060369771668e-39,0.0,0.0,0.0,0.0,0.0,0.0,0.0,0.0,0.0,0.0,0.0,0.0,2.572169677250713e-08,0.0,0.0,0.0,0.0,0.0,0.0,0.0,0.0,0.0,0.0,0.0,0.0,0.0,0.0,0.0,0.0,0.0,0.0,0.0,0.0,0.0,0.0,0.0,0.0,0.0,0.0,0.0,0.0,0.0,0.0,0.0,0.0,0.0,0.0,0.0,2.1098640123389323e-31,0.0,0.0,0.0,0.0,0.0,0.0,0.0,0.0,0.0,0.0,0.0,0.0,0.0,0.0,0.0,0.0,0.0,0.0,0.0,1.1476634422820252e-42,0.0,0.0,0.0,0.0,0.0,0.0,0.0,4.116753169840046e-17,0.0,0.0,0.0,0.0,0.0,1.0112043490289938e-23,0.0,0.0,0.0,3.5733110840282835e-43,0.0,0.0,0.0,0.0,0.0,0.0,0.0,1.1764214370517444e-19,0.0,0.0,0.0,0.01592431403696537,0.01592431403696537
4,0.01632171869277954,0.01632171869277954,0.008250835351645947,9.13928705904541e-36,0.0,0.0,0.0,0.0,0.0,0.0,0.0,0.0,3.508963458546488e-40,0.0,0.0,0.0,0.0,0.0,0.0,0.0,0.0,0.0,0.0,0.0,0.0,0.0,0.0,0.0,0.0,0.0,0.0,0.0,0.0,0.0,0.0,0.0,0.0,0.0,0.0,0.0,5.606224136771791e-34,2.141697809952421e-33,0.0,0.0,0.0,0.0,0.0,0.0,0.0,0.0,0.0,0.0,0.0,0.0,0.0,0.0,0.0,0.0,1.5572400106816437e-19,0.0,0.0,0.0,0.0,0.0,0.0,0.0,0.0,0.0,0.0,0.0,0.0,0.0,0.0,0.0,0.0,0.0,0.0,0.0,0.0,1.173946807371109e-24,3.614275582741994e-33,0.0,0.0,0.0,0.0,0.0,0.0,0.0,0.0,0.0,1.401298464324817e-45,0.0,0.0,0.0,0.0,7.506317541847418e-34,0.0,0.0,0.0,3.5032461608120427e-44,0.0,0.0,0.0,0.0,0.0,0.0,0.0,0.0,0.0,0.0,0.0,0.0,0.0,0.0,0.0,0.0,0.0,0.0,0.0,0.0,0.0,0.0,0.0,0.0,1.3454707335061164e-40,0.0,0.0,0.0,0.0,0.0,0.0,0.0,0.0,0.0,0.0,0.0,0.0,0.0,0.0,0.0,0.0,0.0,0.0,0.0,0.01632171869277954,0.01632171869277954
5,0.016023609787225723,0.016023609787225723,0.027626771479845047,0.0,0.0,0.0,1.0,0.0,0.0,0.0,0.0,1.0,6.653593352108101e-37,0.0,0.005262049846351147,2.7007801868934567e-25,0.0,0.0,0.0,0.0,0.0,0.0,0.0,0.0,1.0,2.4300817523735514e-21,0.0,2.754028291576853e-34,0.0,0.0,1.0,0.0,0.0,0.0,0.0,0.0,0.0,0.0,0.0,2.5263064277786414e-14,2.0975656377923243e-32,0.0,0.0,0.0,0.0,9.091641691881189e-15,0.0,0.0,1.0168412637155337e-30,0.0,0.0,0.0,0.0,0.0,0.0,1.2395272196590318e-21,0.0,0.0,1.8635125442756362e-08,0.0,1.5847820770251528e-27,6.534064196008533e-23,0.0,0.0,0.0,1.1056417523493612e-37,7.909351724785494e-39,0.0,0.0,1.1210387714598537e-44,0.0,0.0,0.0,0.0,0.0,0.0,0.0,0.0,0.0,0.002059364691376686,1.3823108701332158e-40,0.0,0.0,0.0,0.0,0.0,0.0,0.0,0.0,0.0,0.0,0.0,0.0,0.0,0.0,0.0,0.0,0.0,0.0,1.401298464324817e-45,0.0,0.0,0.0,0.0,0.0,0.0,0.0,0.0,0.0,0.0,6.769714012445505e-26,0.0,0.0,0.0,0.0,9.625054531170463e-08,0.0,0.0,0.0,0.0,0.0,0.0,0.0,0.0,0.0,0.0,0.0,0.0,7.335486409524696e-25,0.0,0.0,0.0,0.0,0.0,0.0,0.0,0.0,0.0,0.0,0.0,0.0,1.0,0.0,0.0,0.016023609787225723,0.016023609787225723
6,0.01612609624862671,0.01612609624862671,0.010466043837368488,0.0,0.0,0.0,0.0,0.0,0.0,0.0,0.0,0.0,0.0,0.0,0.0,0.0,0.0,0.0,0.0,0.0,0.0,0.0,0.0,0.0,0.0,0.0,0.0,0.0,0.0,0.0,0.0,0.0,0.0,0.0,0.0,0.0,0.0,0.0,0.0,0.0,1.7389033565100374e-32,0.0,0.0,0.0,0.0,0.0,0.0,0.0,0.0,0.0,0.0,0.0,0.0,0.0,0.0,0.0,0.0,0.0,2.4362327218214704e-16,0.0,0.0,0.0,0.0,0.0,0.0,0.0,0.0,0.0,0.0,0.0,0.0,0.0,0.0,0.0,0.0,0.0,0.0,0.0,0.0,0.0,0.0,0.0,0.0,0.0,0.0,0.0,0.0,0.0,0.0,0.0,0.0,0.0,0.0,0.0,0.0,0.0,0.0,0.0,0.0,0.0,0.0,0.0,0.0,0.0,0.0,0.0,0.0,0.0,0.0,0.0,0.0,0.0,0.0,0.0,0.0,0.0,0.0,0.0,0.0,0.0,0.0,0.0,0.0,0.0,0.0,0.0,0.0,0.0,0.0,0.0,0.0,0.0,0.0,0.0,0.0,0.0,0.0,0.0,0.0,0.0,0.0,0.0,0.0,0.0,0.01612609624862671,0.01612609624862671
7,0.01639789529144764,0.01639789529144764,0.0069260853342711926,1.1770530751393875e-29,7.215590576194845e-30,0.0,0.0,0.0,0.0,0.0,0.0,0.0,0.0,0.0,0.0,0.0,0.0,0.0,0.0,0.0,0.0,0.0,0.0,0.0,0.0,0.0,0.0,0.0,1.1211300059686204e-24,0.0,0.0,0.0,0.0,0.0,0.0,0.0,0.0,0.0,0.0,3.438272154916694e-39,4.1647437685678584e-35,0.0,0.0,0.0,0.0,0.0,0.0,0.0,0.0,0.0,0.0,0.0,0.0,0.0,0.0,0.0,0.0,0.0,1.4321134278461045e-09,0.0,0.0,0.0,0.0,1.0,0.0,0.0,0.0,0.0,0.0,5.789853605811678e-38,0.0,0.0,0.0,0.0,0.0,0.0,0.0,0.0,0.0,0.0,1.9061594151033512e-33,0.0,1.162615296896371e-39,0.0,1.5694542800437951e-43,0.0,0.0,0.0,0.0,8.306501009311805e-38,2.2821738943079595e-10,0.0,0.0,0.0,0.0,0.0,0.0,0.0,1.0,1.0034423381313017e-27,0.0,0.0,0.0,1.0,0.0,2.5175868339906096e-39,0.0,0.0,0.0,0.0,0.0,0.0,0.0,0.0,1.0855001849009159e-26,0.0,0.0,0.0,0.0,0.0,0.0,0.0,0.0,0.0,4.764414778704378e-44,0.0,0.0,0.0,0.0,0.0,0.0,0.0,0.017005223780870438,0.0,0.0,0.0,1.0,0.0,0.0,0.0,0.0,0.0,0.0,0.0,0.01639789529144764,0.01639789529144764
8,0.016015399247407913,0.016015399247407913,0.006399660836905241,0.0,0.0,0.0,0.0,0.0,0.0,0.0,0.0,0.0,0.0,0.0,0.0,0.0,0.0,0.0,0.0,0.0,0.0,0.0,0.0,0.0,0.0,0.0,0.0,1.2931851488935973e-37,0.0,0.0,0.0,0.0,0.0,0.0,0.0,0.0,0.0,0.0,0.0,0.0,6.836512575823942e-38,0.0,0.0,0.0,0.0,0.0,0.0,0.0,0.0,0.0,0.0,0.0,0.0,0.0,0.0,0.0,0.0,0.0,2.80064625394409e-15,0.0,0.0,0.0,0.0,0.0,0.0,0.0,0.0,0.0,0.0,0.0,0.0,0.0,0.0,0.0,0.0,0.0,0.0,0.0,0.0,0.0,0.0,0.0,0.0,0.0,0.0,0.0,0.0,0.0,0.0,0.0,0.0,0.0,0.0,0.0,0.0,0.0,0.0,0.0,0.0,0.0,0.0,0.0,0.0,0.0,0.0,0.0,0.0,0.0,0.0,0.0,0.0,0.0,0.0,0.0,0.0,0.0,0.0,0.0,0.0,0.0,0.0,0.0,0.0,0.0,0.0,0.0,0.0,0.0,0.0,0.0,0.0,0.0,0.0,0.0,0.0,0.0,0.0,0.0,0.0,0.0,0.0,0.0,0.0,0.0,0.016015399247407913,0.016015399247407913
9,0.01613503322005272,0.01613503322005272,0.0037072408013045788,1.2148383698746407e-14,0.0,0.0,0.0,0.0,0.0,0.0,0.0,0.0,0.0,0.0,0.0,1.1572623367626502e-39,0.0,0.0,0.0,0.0,0.0,0.0,0.0,0.0,0.0,0.0,0.0,0.0,0.0,0.0,0.0,0.0,0.0,1.39046008842983e-32,0.0,0.0,0.0,0.0,0.0,0.0,5.884052251699907e-42,0.0,0.0,0.0,0.0,0.0,0.0,0.0,0.0,0.0,0.0,0.0,0.0,0.0,0.0,0.0,0.0,0.0,9.832007727148196e-18,0.0,0.0,0.0,0.0,1.0744584446253744e-35,0.0,0.0,0.0,0.0,0.0,0.0,0.0,0.0,0.0,0.0,0.0,0.0,0.0,0.0,0.0,0.0,0.0,0.0,0.0,0.0,0.0,0.0,0.0,0.0,0.0,0.0,1.87633864373093e-42,0.0,0.0,0.0,0.0,0.0,0.0,0.0,0.0,1.471363387541058e-43,0.0,0.0,0.0,0.0,0.0,0.0,0.0,0.0,0.0,0.0,0.0,0.0,0.0,0.0,0.0,0.0,0.0,0.0,0.0,0.0,0.0,0.0,0.0,0.0,0.0,0.0,0.0,0.0,0.0,0.0,0.0,0.0,0.0,0.0,0.0,0.0,0.0,0.0,0.0,0.0,0.0,0.0,0.0,0.0,0.01613503322005272,0.01613503322005272
A,0.015487883239984512,0.015487883239984512,0.014502402395009995,0.0,0.0,0.0,0.0,1.0,0.0,0.0,0.0,0.0,1.3694536988841182e-36,0.0,0.0,1.3403987078589176e-26,0.0,0.0,0.0,0.0,0.0,0.0,0.0,0.0,0.0,0.0,0.0,5.507102964796531e-43,0.0,0.0,0.0,0.0,0.0,0.0,0.0,0.0,0.0,0.0,0.0,0.0,3.2416784036778846e-33,1.6102386569552337e-24,0.0,0.0,0.0,0.0,0.0,0.0,0.0,0.0,0.0,0.0,0.0,0.0,0.0,0.0,0.0,0.0,3.726226345166471e-14,0.0,0.0,0.0,0.0,0.0,0.0,0.0,0.0,0.0,0.0,0.0,0.0,0.0,0.0,0.0,0.0,0.0,0.0,0.0,0.0,0.0,0.0,0.0,0.0,0.0,0.0,5.605193857299268e-45,0.0,0.0,0.0,0.0,0.0,0.0,0.0,0.0,0.0,0.0,0.0,0.0,0.0,2.059908742557481e-43,0.0,0.0,0.0,0.0,0.0,0.0,0.0,0.0,0.0,0.0,0.0,0.0,0.0,0.0,0.0,0.0,0.0,0.0,0.0,0.0,0.0,0.0,0.0,0.0,1.6330153249730648e-31,0.0,0.0,0.0,0.0,0.0,0.0,0.0,0.0,0.0,0.0,0.0,0.0,0.0,0.0,0.0,0.0,0.0,0.0,0.0,0.015487883239984512,0.015487883239984512
B,0.016208989545702934,0.016208989545702934,0.010569417849183083,0.0,0.0,0.0,0.0,1.1487961398567082e-36,0.0,0.0,0.0,0.0,0.0,7.549221075557092e-30,0.0,0.0,0.0,0.0,0.0,0.0,0.0,0.0,0.0,0.0,0.0,0.0,0.0,7.910901560887037e-39,0.0,0.0,0.0,0.0,1.0509738482436128e-43,0.0,0.0,0.0,0.0,0.0,0.0,0.0,1.6221086209434602e-34,0.0,0.0,0.0,0.0,0.0,0.0,0.0,0.0,0.0,0.0,0.0,0.0,0.0,0.0,0.0,0.0,0.0,1.0282451618050938e-18,0.0,0.0,0.0,0.0,0.0,1.7324844262399659e-38,0.0,0.0,0.0,0.0,0.0,0.0,0.0,0.0,0.0,0.0,0.0,0.0,0.0,0.0,0.0,0.0,0.0,0.0,0.0,0.0,4.542982388385629e-31,0.0,0.0,0.0,0.0,6.528103038888236e-40,0.0,0.0,0.0,0.0,0.0,0.0,0.0,0.0,0.0,0.0,0.0,0.0,0.0,0.0,0.0,0.0,0.0,0.0,0.0,0.0,0.0,0.0,0.0,0.0,0.0,0.0,0.0,0.0,0.0,0.0,0.0,0.0,0.0,3.0968696061578457e-43,0.0,0.0,0.0,0.0,0.0,0.0,0.0,0.0,0.0,0.0,1.0,0.0,0.0,0.0,0.0,0.0,0.0,0.0,0.0,0.016208989545702934,0.016208989545702934
C,0.01635797880589962,0.01635797880589962,0.014210253022611141,0.0,0.0,0.0,0.0,0.0,0.0,0.0,0.0,0.0,2.2420775429197073e-44,8.107352395197662e-41,0.0,0.0,0.0,0.0,1.0,0.0,0.0,0.0,0.0,0.0,0.0,0.0,0.0,0.0,0.0,0.0,0.0,0.0,0.0,0.0,0.0,0.0,0.0,0.0,0.0,0.0,8.494113723005687e-28,0.0,0.043449435383081436,0.0,1.5307092304345591e-31,0.0,0.0,1.9147435269726526e-26,0.0,0.0,2.02586992308117e-34,0.0,0.0,0.0,0.0,1.0,0.0,0.0,4.069783925012352e-14,1.3143271329141629e-14,1.4744008698302027e-16,0.0,0.0,0.0,1.2054485067956948e-37,5.605193857299268e-45,0.0,0.0,0.0,0.0,1.0,0.0,0.0,0.0,7.392277164759597e-28,0.0,0.0,0.0,0.0,0.0,0.0,0.0,0.0,1.0,0.0,0.0,0.0,0.0,0.0,0.0,2.6888288201217107e-35,0.0,0.0,0.0,0.0,0.0,0.0,0.0,0.0,0.0,1.0,0.0,0.0,0.0,1.0,0.0,1.7573949714526312e-20,0.0,0.0,0.0,0.0,0.4519008994102478,0.0,0.0,0.0,0.0,1.989382878488729e-22,0.9999951124191284,0.0,0.0,4.077778531185218e-43,0.0,0.0,0.0,5.30457871306446e-32,2.2632037248390022e-35,0.0,0.0,0.0,0.0,0.0,0.0,8.433460242054688e-34,0.025903400033712387,0.0,0.0,0.0,0.0,0.0,0.0,0.0,0.0,0.0,0.0,0.01635797880589962,0.01635797880589962
D,0.016131818294525146,0.016131818294525146,0.019883662462234497,0.0,0.0,0.0,0.0,0.0,0.0,0.0,0.0,0.0,0.0,0.0,0.0,0.0,0.0,0.0,0.0,0.0,0.0,0.0,0.0,0.0,0.0,0.0,0.0,0.0,0.0,0.0,0.0,0.0,0.0,0.0,0.0,0.0,0.0,0.0,0.0,0.0,7.006492321624085e-45,0.0,0.0,0.0,0.0,1.999652908591514e-42,0.0,1.5505257142007213e-31,0.0,0.0,0.0,0.0,0.0,0.0,0.0,0.0,0.0,0.0,8.86000647848384e-11,0.0,0.0,0.0,0.0,0.0,0.0,0.0,0.0,0.0,0.0,0.0,0.0,0.0,0.0,0.0,0.0,0.0,0.0,0.0,0.0,0.0,0.0,0.0,0.0,0.0,0.9993170499801636,0.0,0.0,0.0,0.0,0.0,0.0,0.0,0.0,0.0,0.0,0.0,0.0,0.0,0.0,3.9452227929045626e-33,0.0,5.006517085348605e-07,0.0,0.0,0.0,1.0,0.0,0.0,0.0,0.0,4.5249749101051965e-40,0.0,0.0,0.0,0.0,0.0,0.0,0.0,0.0,0.0,0.0,0.0,0.0,0.0,0.0,0.0,0.0,0.0,1.597579881651105e-38,0.0,0.0,0.0,0.0,0.0,2.7325320054333933e-43,0.0,0.0,0.0,3.974235486570955e-24,0.0,0.0,0.0,0.0,1.1350517561031018e-43,0.016131818294525146,0.016131818294525146
E,0.015709824860095978,0.015709824860095978,0.009349444881081581,0.0,0.0,0.0,0.0,0.0,0.999998927116394,0.0,0.0,0.0,0.0,2.1585782191607375e-29,0.0,0.0,0.0,0.0,1.401298464324817e-45,0.0,0.0,0.0,0.0,0.0,0.0,0.0,0.0,0.0,0.0,0.0,0.0,0.0,0.0,0.0,0.0,0.0,0.0,0.0,0.0,0.0,7.747669907971696e-38,0.0,0.0,0.0,0.0,0.0,0.0,0.0,0.0,0.0,5.668252288193885e-42,0.0,0.0,0.0,0.0,0.0,0.0,0.0,1.6719323611140293e-17,0.0,0.0,0.0,0.0,0.0,0.0,0.0,0.0,0.0,0.0,0.0,0.0,0.0,0.0,0.0,0.0,0.0,0.0,1.0,0.0,0.0,0.0,0.0,0.0,0.0,0.0,0.0,0.0,0.0,0.0,0.0,0.0,0.0,0.0,6.922234459900631e-14,0.0,0.0,0.0,0.0,0.0,0.0,0.0,0.0,0.0,0.0,0.0,0.0,3.0828566215145976e-44,0.0,0.0,0.0,0.0,0.0,0.0,0.0,0.0,0.0,0.0,0.0,0.0,0.0,5.831295764617246e-33,0.0,0.0,0.0,0.0,0.0,0.0,0.0,0.0,3.827342273960953e-30,0.0,0.0,0.0,6.224532746069229e-39,0.0,0.0,0.0,0.0,0.0,0.9424901604652405,0.0,0.0,0.0,0.0,0.015709824860095978,0.015709824860095978
F,0.016123952344059944,0.016123952344059944,0.022983217611908913,0.0,4.576346511807344e-40,0.0,0.0,0.0,0.0,0.0,0.0,0.0,0.0,0.0,0.0,8.610054003099776e-09,0.0,1.0,0.0,0.0,1.0,0.0,0.0,0.0,0.0,3.292638270552251e-21,0.0,1.843467546309114e-33,0.0,0.0,0.0,0.0,0.0,0.0,3.398244246000104e-07,0.0,0.0,0.0,0.0,0.0,0.0,0.0,0.0,0.0,0.0,0.0,0.0,0.0,0.0,0.0,0.0,0.0,5.605193857299268e-45,0.0,0.0,0.0,0.0,0.0,4.996049689405535e-13,0.0,0.0,0.0,0.0,0.0,0.0,0.0,0.0,0.0,0.0,0.0,0.0,0.0,0.0,0.0,0.0,0.0,0.0,7.312374196431652e-20,0.0,0.0,5.392769428713348e-14,0.0,0.0,0.0,0.0,0.0,0.0,0.0,0.0,0.0,1.5479532623633818e-32,0.0,0.0,1.0,0.0,0.0,0.0,0.0,0.0,8.561933617024632e-43,0.0,0.0,0.0,0.0,0.0,0.0,0.0,0.0,0.0,0.0,0.0,0.0,0.0,0.0,0.0,7.865579867358437e-22,0.0,0.0,0.0,0.0,2.977221378430648e-33,1.0,0.0,0.0,0.0,0.0,0.0,0.0,0.0,1.0,0.0,0.0,0.0,0.0,0.0,2.4802982818549262e-42,0.0,0.0,0.0,0.05750981345772743,0.0,0.0,0.0,0.0,0.016123952344059944,0.016123952344059944
G,0.015674611553549767,0.015674611553549767,0.01609034836292267,0.0,0.0,0.0,0.0,0.0,0.0,0.0,0.0,0.0,0.0,0.0,0.0,0.0,0.0,0.0,0.0,0.0,0.0,0.0,0.0,0.0,0.0,0.0,0.0,0.0,0.0,0.0,0.0,0.0,0.0,0.0,0.0,0.0,0.0,0.0,0.0,0.0,6.114106783704426e-38,0.0,0.0,0.0,0.0,0.0,0.0,0.0,0.0,0.0,0.0,0.0,0.0,0.0,0.0,0.0,0.0,0.0,3.9450533048589437e-17,0.0,0.0,0.0,0.0,0.0,0.0,0.0,0.0,0.0,0.0,0.0,0.0,0.0,0.0,0.0,0.0,0.0,0.0,0.0,0.0,0.0,0.0,0.0,0.0,0.0,0.0,0.0,0.0,0.0,0.0,0.0,0.0,0.0,0.0,0.0,0.0,0.0,0.0,0.0,0.0,0.0,0.0,0.0,0.0,0.0,0.0,0.0,0.0,0.0,0.0,0.0,0.0,0.0,0.0,0.0,0.0,0.0,0.0,0.0,0.0,0.0,0.0,0.0,0.0,0.0,0.0,0.0,0.0,0.0,0.0,0.0,0.0,0.0,0.0,0.0,0.0,0.0,0.0,0.0,0.0,0.0,0.0,0.0,0.0,0.0,0.015674611553549767,0.015674611553549767
H,0.016216816380620003,0.016216816380620003,0.013545092195272446,0.0,0.0,0.0,0.0,0.0,0.0,0.0,0.0,0.0,1.2611686178923354e-44,0.0,0.0,2.160147852065413e-29,0.0,0.0,0.0,0.0,0.0,0.0,0.0,0.0,0.0,0.0,0.0,0.0,0.0,0.0,0.0,0.0,0.0,0.0,0.0,0.0,0.0,0.0,0.0,0.0,3.592300045887186e-36,2.0129743827106647e-34,0.0,0.0,0.0,0.0,2.3016187146688688e-40,0.0,0.0,0.0,0.0,0.0,0.0,0.0,0.0,0.0,0.0,0.0,3.548869165659503e-14,2.454322698596862e-16,0.0,0.0,0.0,0.0,0.0,0.0,0.0,0.0,0.0,0.0,0.0,0.0,0.0,0.0,0.0,0.0,0.0,0.0,0.0,0.0,0.0,0.0,0.0,0.0,0.0,1.4570561302203015e-39,0.0,0.0,0.0,0.0,0.0,0.0,0.0,0.0,0.0,0.0,0.0,0.0,0.0,1.401298464324817e-45,0.0,0.0,0.0,0.0,0.0,0.0,0.0,0.0,0.0,0.0,0.0,0.0,0.0,0.0,0.0,0.0,0.0,0.0,0.0,0.0,0.0,0.0,0.0,0.0,1.8077424485796165e-23,0.0,0.0,0.0,0.0,0.0,0.0,0.0,0.0,0.0,0.0,0.0,0.0,0.0,0.0,0.0,0.0,0.0,0.0,0.0,0.016216816380620003,0.016216816380620003
I,0.017678726464509964,0.017678726464509964,0.04561079293489456,0.0,0.0,0.0,0.0,0.0,0.0,0.0,0.0,0.0,8.172828234099054e-37,0.0,0.0,0.0,0.0,0.0,0.0,0.0,0.0,0.0,0.0,0.0,0.0,0.0,0.0,0.0,0.0,0.0,0.0,0.0,0.0,0.0,0.0,0.0,0.0,0.0,0.0,0.0,9.559080026350236e-36,0.0,0.0,0.0,0.0,0.0,0.0,1.0899205977982009e-23,0.0,0.0,0.0,0.0,5.605193857299268e-45,0.9999998807907104,1.6815581571897805e-43,2.158558448286152e-28,0.0,5.879561930003993e-34,0.46512579917907715,1.158557697063072e-38,1.0,0.0,0.0,0.0,0.0,5.557977689196747e-12,0.0,0.0,0.0,0.0,0.0,0.0,0.0,0.0,0.0,1.0,0.0,0.0,0.0,0.9979405999183655,0.0,0.0,0.0,0.0,0.0,0.0,1.0,0.0,0.0,0.0,3.5088977656744804e-37,0.0,0.0,0.0,0.0,1.3806002324803165e-28,0.0,0.0,0.0,1.401298464324817e-45,3.244137779071475e-37,0.0,0.0,0.0,9.464509296034956e-34,0.0,0.0,0.0,0.0,0.0,0.9999889135360718,1.0872240234195197e-34,1.2368289503683627e-08,0.0,0.0,0.0,1.0,1.111531577950734e-37,0.0,0.0,0.0,0.0,0.0,0.0,9.89913662496253e-27,1.0,0.0,0.0,0.9921532273292542,0.0,0.0,0.0,0.0,0.9740965962409973,0.0,0.0,0.0,0.0,0.0,0.0,2.8285290909479954e-07,0.0,0.0,7.795964118165314e-26,0.017678726464509964,0.017678726464509964
P,0.015836916863918304,0.015836916863918304,0.009799838997423649,2.7775199286408954e-27,0.0,0.0,0.0,0.0,0.0,0.0,0.0,0.0,0.0,0.0,0.0,6.194217265032085e-15,0.0,0.0,0.0,0.0,0.0,0.0,0.0,0.0,0.0,0.0,0.0,1.0023989455542585e-24,0.0,0.0,0.0,0.0,3.3574545053871585e-12,0.0,0.0,0.0,0.0,0.0,0.0,1.183845182076674e-34,1.976776092362392e-23,0.0,0.0,0.0,0.0,1.6815581571897805e-44,0.0,0.0,0.0,0.0,0.0,0.0,0.0,0.0,0.0,0.0,0.0,0.0,2.2576420732889346e-09,0.0,0.0,0.0,3.8173691918094806e-30,0.0,0.0,0.0,0.0,0.0,0.0,9.45190949922857e-28,0.0,0.0,0.0,0.0,0.0,0.0,0.0,0.0,0.0,0.0,0.0,0.0,0.0,0.0,0.0,0.0,0.0,0.0,0.0,0.0,5.337433746736082e-40,0.0,0.0,0.0,0.0,1.2751816025355835e-43,0.0,0.0,0.0,9.93170286590214e-41,0.0,0.0,0.0,0.0,0.0,0.0,0.0,0.0,0.0,0.0,0.0,0.0,0.0,0.0,0.0,0.0,0.0,0.0,0.0,0.0,0.0,0.0,0.0,0.0,0.0,0.0,0.0,0.0,0.0,0.0,0.0,0.0,0.0,0.0,0.0,0.0,0.0,0.0,0.0,0.0,0.0,0.0,0.0,0.0,0.015836916863918304,0.015836916863918304
Q,0.015594772063195705,0.015594772063195705,0.012099450454115868,0.0,0.0,0.0,0.0,3.140363234346733e-34,0.0,0.0,0.0,0.0,0.0,0.0,0.0,0.0,0.0,0.0,0.0,0.0,0.0,0.0,0.0,0.0,0.0,0.0,0.0,0.0,0.0,0.0,0.0,0.0,0.0,0.0,0.0,0.0,0.0,0.0,0.0,0.0,6.179726227672443e-43,0.0,0.0,0.0,0.0,0.0,0.0,0.0,0.0,0.0,0.0,0.0,0.0,0.0,0.0,0.0,0.0,0.0,9.918059122708108e-23,0.0,0.0,0.0,0.0,0.0,0.0,0.0,0.0,0.0,0.0,0.0,0.0,0.0,0.0,0.0,0.0,0.0,0.0,0.0,0.0,0.0,0.0,0.0,0.0,0.0,0.0,0.0,0.0,0.0,0.0,0.0,0.0,0.0,0.0,0.0,0.0,0.0,0.0,0.0,0.0,0.0,0.0,0.0,0.0,0.0,0.0,0.0,0.0,0.0,0.0,0.0,0.0,0.0,0.0,0.0,0.0,0.0,0.0,0.0,0.0,0.0,0.0,0.0,0.0,0.0,0.0,0.0,0.0,0.0,0.0,0.0,0.0,0.0,0.0,0.0,0.0,0.0,0.0,0.0,0.0,0.0,0.0,0.0,0.0,0.0,0.015594772063195705,0.015594772063195705
R,0.01592104695737362,0.01592104695737362,0.005141162313520908,0.0,0.0,0.0,0.0,2.3567828137340154e-27,1.791027653512123e-22,4.626227972722529e-38,0.0,0.0,0.0,0.9999982118606567,0.0,0.0,0.0,0.0,0.0,0.0,0.0,0.0,2.7937846342207938e-30,0.0,0.0,0.0,0.0,0.0,0.0,0.0,0.0,0.0,3.541081219348813e-42,0.0,0.0,0.0,0.0,0.0,0.0,0.0,5.107295697343089e-39,0.0,0.0,0.0,0.0,0.0,0.0,0.0,0.0,0.0,0.0,0.0,0.0,0.0,0.0,0.0,0.0,0.0,1.606438387070825e-20,0.0,0.0,0.0,0.0,0.0,1.0,0.0,0.0,0.0,0.0,0.0,2.2058761280874714e-33,0.0,0.0,0.0,1.2933984825718062e-42,0.0,0.0,0.0,0.0,0.0,0.0,0.0,0.0,0.0,0.0,5.105610732979095e-16,0.0,0.0,0.0,0.0,0.0,0.0,0.0,0.0,0.0,0.0,0.0,0.0,0.0,0.0,0.0,0.0,0.0,0.0,0.0,0.0,4.798456387788974e-08,0.0,0.0,0.0,0.0,5.501495763472683e-32,0.0,0.0,0.0,0.0,0.0,1.9143923048281348e-39,0.0,0.0,0.0,0.0,0.0,0.0,6.33654470415887e-20,0.0,0.0,0.0,0.0,0.0,0.0,0.0,0.0,0.0,0.0,1.826621485327847e-27,0.0,0.0,0.0,0.0,0.0,0.0,0.0,0.0,0.01592104695737362,0.01592104695737362
S,0.0161012914031744,0.0161012914031744,0.014813835732638836,0.0,0.0,1.2683023411265976e-21,1.1519247436074433e-14,0.0,0.0,0.0,2.8068008240426086e-42,1.0054205931848655e-29,2.5167320419273715e-42,0.0,0.9947379231452942,1.0509738482436128e-43,0.0,0.0,0.0,1.0,0.0,0.0,0.0,0.0,0.0,0.0,0.0,2.1047502934158752e-42,0.0,6.168959006819241e-12,1.1693352196014595e-33,0.0,0.0,0.0,0.0,0.0,0.0,0.0,0.0,1.3210459045162452e-29,8.837052786603067e-38,0.0,0.0,7.872494772576822e-42,0.0,1.0,0.0,0.0,0.0,0.0,0.0,0.0,1.287346082134134e-34,0.0,0.0,0.0,0.0,0.0,3.802910896411049e-06,0.0,9.494720831748319e-38,1.0,0.0,0.0,0.0,3.1448044116275125e-23,0.0,0.0,0.0,0.0,0.0,1.0581311844119376e-19,0.0,0.0,0.0,0.0,0.0,0.0,0.0,0.0,0.0,0.0,0.0,0.0,3.766269882565811e-41,0.0,0.0,0.0,0.0,0.0,0.0,0.0,0.0,0.0,0.0,0.0,0.0,0.0,0.0,0.0,0.0,0.0,0.0,0.0,0.0,0.0,0.0,0.0,0.0,0.0,0.0,0.0,0.0,0.0,0.0,0.0,0.0,0.0,0.0,0.0,0.0,0.0,0.0,0.0,0.0,0.0,0.0,0.0,0.0,0.0,0.0,0.0,0.0,0.0,0.0,0.0,0.0,0.0,0.0,0.0,0.0,0.0,0.0,0.0,0.0161012914031744,0.0161012914031744
T,0.016327034682035446,0.016327034682035446,0.016669968143105507,2.731595361826492e-24,4.030199873150153e-30,0.0,0.0,0.0,0.0,0.0,0.0,0.0,1.8842706936882407e-38,0.0,0.0,1.4425260031619702e-12,1.0,0.0,0.0,0.0,1.0901964813894184e-21,0.0,0.0,0.0,0.0,1.320838833862581e-07,0.0,0.9999669790267944,0.0,0.0,0.0,1.0,1.873663967278489e-29,1.823839680008534e-16,0.9999996423721313,1.0,1.1344259892070442e-27,0.0,0.0,0.0,7.478780404508247e-27,0.0,0.0,0.0,0.0,0.0,0.0,0.0,0.0,0.00256302859634161,0.0,0.0,0.0,0.0,0.0,0.0,0.0,0.0,7.182030577895793e-12,0.0,0.0,0.0,8.475943113240778e-26,1.4663366820679563e-14,0.0,0.0,6.146864294428693e-35,0.0,0.0,0.0,0.0,0.0,0.0,0.0,0.0,0.0,0.0,0.0,0.0,0.0,1.209925552310786e-16,0.0,0.0,0.0,0.0,0.0,0.0,1.6437748816759417e-35,1.0,1.0,0.9999992847442627,1.0,1.9802189358178475e-17,0.0,0.0,0.0,0.0,0.0,2.9640368789204446e-29,2.8446067116411067e-12,0.0,0.0,1.6092467256759863e-13,0.0,0.0,0.0,0.0,0.0,4.0637655465419695e-44,0.0,0.0,0.0,0.0,0.0,0.0,0.9999998807907104,1.6799725673088961e-12,0.0,0.0,0.0,1.0,0.0,0.0,0.0,1.3785476726420858e-28,0.0,0.0,0.0,0.0,0.0,0.0,0.0,2.6845888556201554e-33,0.0,0.0,1.371195075670153e-35,3.3500699342066163e-36,1.0,1.0,0.0,0.0,0.0,1.0,1.0,0.016327034682035446,0.016327034682035446
U,0.016782091930508614,0.016782091930508614,0.02329549938440323,0.0,0.0,0.0,0.0,0.0,0.0,0.0,0.0,0.0,3.16644888111509e-30,0.0,0.0,0.0,0.0,0.0,0.0,0.0,0.0,0.0,0.0,0.0,0.0,0.0,0.0,5.639640074096812e-25,0.0,0.0,0.0,0.0,0.0,0.0,0.0,0.0,0.0,0.0,0.0,1.0103361927781931e-42,9.090267592682505e-17,1.4462068338132235e-26,0.0,0.0,0.0,0.0,0.0,0.9999997615814209,2.9648203148097687e-35,0.0,0.0,0.0,0.0,0.0,0.0,0.0,0.0,0.0,0.0020113985519856215,7.421696827995706e-29,0.0,0.0,0.0,0.0,1.2940060749674582e-32,0.0,0.0,1.2423071405625233e-40,0.0,0.0,0.0,0.0,0.0,0.0,5.03004236007822e-31,0.0,0.0,0.0,0.0,1.7645150262778097e-41,2.4112248053281645e-37,0.0,0.0,0.0,0.0,1.5414283107572988e-44,3.0754357701547218e-24,3.2722154617512296e-29,0.0,0.0,8.163225864398238e-37,0.0,0.0,0.0,0.0,0.0,0.0,0.0,0.0,0.5077108144760132,0.0,0.0,0.0,0.0,0.0,0.0,0.0,0.0,1.8396894928664545e-14,0.0,0.0,0.0,0.0,0.0,0.0,0.0,0.0,0.0,0.0,0.0,0.0,0.0,0.0,3.783505853677006e-44,9.643068017164326e-22,0.0,0.0,0.0,0.0,0.0,0.0,0.0,5.118697028054704e-22,0.0,0.0,4.277982560254801e-34,0.0,0.0,0.0,0.0,0.0,0.0,0.0,5.87966540277943e-37,0.016782091930508614,0.016782091930508614
V,0.016633711755275726,0.016633711755275726,0.009538297541439533,0.0,0.0,0.0,0.0,0.0,0.0,0.0,0.0,0.0,0.0,0.0,0.0,0.0,0.0,0.0,0.0,0.0,0.0,0.0,0.0,0.0,0.0,0.0,0.0,7.439871227027781e-28,0.0,0.0,0.0,0.0,0.0,0.0,0.0,0.0,0.0,0.0,0.0,2.6904930515036488e-43,4.959041657254926e-18,0.0,0.0,0.0,0.0,0.0,0.0,0.0,3.5683438756675827e-32,0.0,0.0,0.0,0.0,0.0,3.491427606873434e-34,0.0,0.0,0.0,0.0016277215909212828,0.0,0.0,0.0,0.0,0.0,0.0,0.0,3.521284768213212e-25,0.0,0.0,0.0,0.0,0.0,0.0,0.0,0.0,0.0,0.0,0.0,0.0,0.0,0.0,0.0,0.0,0.0,0.0,0.0,0.0,0.0,0.0,0.0,1.1981101869977186e-42,0.0,0.0,0.0,0.0,0.0,0.0,0.0,0.0,3.2762019674649247e-31,0.0,0.0,0.0,0.0,0.0,0.0,0.0,0.0,0.0,0.0,0.0,0.0,0.0,0.0,0.0,0.0,0.0,0.0,0.0,2.802596928649634e-45,0.0,0.0,0.0,1.2157665476482113e-41,0.0,0.0,0.0,0.0,0.0,0.0,0.0,0.0,0.0,0.0,0.0,0.0,0.0,0.0,0.0,0.0,0.0,0.0,0.0,2.1276402911826886e-28,0.016633711755275726,0.016633711755275726
W,0.015965186059474945,0.015965186059474945,0.008578303270041943,0.0,0.0,0.0,0.0,0.0,0.0,0.0,0.0,0.0,1.580947348895005e-35,0.0,0.0,0.0,0.0,0.0,0.0,0.0,0.0,0.0,0.0,0.0,0.0,0.0,0.0,7.036404912971318e-29,0.0,0.0,0.0,0.0,0.0,0.0,0.0,0.0,0.0,0.0,0.0,0.0,0.01325266808271408,0.0,0.0,0.0,0.0,0.0,1.0314127857278749e-30,2.4849078359574848e-31,9.263241840251624e-10,0.0,0.0,0.0,0.0,0.0,1.5353282805984496e-17,0.0,0.0,0.0,4.623255771274426e-12,0.0,0.0,0.0,0.0,0.0,1.8305268325441437e-13,0.0,1.3250972838934434e-16,1.0,0.0,2.574142299235022e-34,0.0,0.0,0.0,0.0,0.0,0.0,0.0,0.0,0.0,4.072456532636474e-21,0.0,1.0,0.0,0.0,0.0,3.906842877570794e-27,0.0,8.48359546239618e-22,0.0,0.0,0.0,0.0,0.0,0.0,0.0,0.0,5.178131536501687e-36,1.0,0.0,6.80996553344097e-21,0.0,0.0,0.0,0.0,0.0,0.0,0.0,0.0,7.509779395669464e-35,0.0,0.0,0.0,0.0,0.0,0.0,0.0,0.0,0.0,0.0,1.0,0.0,0.0,0.0,1.0,8.709404957396981e-27,0.0,0.0,0.0,0.0,0.0,0.0,0.0,0.0,0.0,0.0,2.712701660363575e-20,0.0,0.0,9.199104028753127e-41,0.0,0.0,0.0,0.0,1.5099654608052608e-37,0.015965186059474945,0.015965186059474945
X,0.015607243403792381,0.015607243403792381,0.0057161166332662106,0.0,0.0,0.0,0.0,0.0,0.0,0.0,0.0,0.0,0.0,0.0,0.0,0.0,0.0,0.0,0.0,0.0,0.0,0.0,0.0,0.0,0.0,0.0,0.0,0.0,0.0,0.0,0.0,0.0,0.0,0.0,0.0,0.0,0.0,0.0,0.0,0.0,1.8301257485641845e-36,0.0,0.0,0.0,0.0,0.0,0.0,0.0,0.0,0.0,0.0,0.0,0.0,0.0,0.0,0.0,0.0,0.0,8.303266518794317e-09,0.0,0.0,0.0,0.0,0.0,0.0,0.0,0.0,0.0,0.0,0.0,0.0,0.0,0.0,0.0,1.776846452763868e-42,0.0,0.0,0.0,0.0,0.0,0.0,0.0,0.0,0.0,0.0,0.0,0.0,0.0,0.0,0.0,0.0,0.0,0.0,0.0,0.0,0.0,0.0,0.0,0.0,0.0,0.0,0.0,0.0,0.0,0.0,0.0,0.0,0.0,0.0,0.0,0.0,0.0,0.0,0.0,0.0,0.0,0.0,0.0,0.0,0.0,0.0,0.0,0.0,0.0,0.0,0.0,0.0,0.0,0.0,0.0,0.0,0.0,0.0,0.0,0.0,0.0,0.0,0.0,5.948558223908171e-39,0.0,0.0,0.0,0.0,0.0,0.015607243403792381,0.015607243403792381
Y,0.015836896374821663,0.015836896374821663,0.011255311779677868,1.0353251686889971e-19,0.0,0.0,0.0,0.0,0.0,0.0,0.0,0.0,5.719318980910281e-32,0.0,0.0,0.0035280475858598948,0.0,0.0,0.0,0.0,0.0,0.0,0.0,0.0,0.0,0.0,0.0,1.498261237022766e-31,0.0,0.0,0.0,0.0,0.0,0.0,0.0,0.0,0.0,0.0,0.0,9.710999365752926e-13,6.720294207108642e-28,2.5938034574652364e-42,0.0,1.401298464324817e-45,0.0,3.2710510052734205e-41,0.0,0.0,0.0,0.0,0.0,0.0,0.0,0.0,0.0,0.0,0.0,0.0,0.5006077289581299,0.0,0.0,0.0,0.0,0.0,0.0,0.0,0.0,0.0,0.0,0.0,0.0,0.0,0.0,0.0,0.0,0.0,0.0,0.0,0.0,0.0,2.811779207423772e-22,0.0,0.0,0.0,1.4440294231119157e-33,0.0,0.0,0.0,0.0,0.0,6.8957231418032006e-12,0.0,0.0,0.0,0.0,1.0,0.0,0.0,0.0,1.645973396642575e-13,0.0,0.0,0.0,0.0,0.0,0.0,0.0,0.0,0.0,0.0,0.0,0.0,0.0,0.0,0.0,0.0,0.0,0.0,0.0,0.0,0.0,0.0,0.0,0.0,1.1911036946760945e-43,0.0,0.0,0.0,0.0,0.0,0.0,0.0,0.0,0.0,0.0,8.359368188838957e-37,0.0,0.0,0.0,0.0,0.0,0.0,0.0,1.3683355332200415e-22,0.015836896374821663,0.015836896374821663
a,0.016286220401525497,0.016286220401525497,0.02066406048834324,0.0,0.0,0.0,0.0,0.0,0.0,1.4414535063213062e-34,0.0,0.0,8.840329582932044e-40,0.0,0.0,0.0,0.0,0.0,0.0,0.0,0.0,0.0,0.0,0.0,0.0,0.0,0.0,0.0,0.0,0.0,0.0,0.0,0.0,0.0,0.0,0.0,0.0,0.0,0.0,0.0,1.6759246281408337e-20,0.0,0.0,0.0,0.0,0.0,0.0,0.0,0.0,0.0,0.0,0.0,0.0,0.0,0.0,0.0,0.0,0.0,2.231490511849562e-15,0.0,0.0,0.0,0.0,0.0,3.5032461608120427e-44,0.0,0.0,0.0,0.0,0.0,0.0,0.0,0.0,0.0,0.0,0.0,0.0,0.0,0.0,0.0,0.0,0.0,0.0,0.0,0.0,0.0,0.0,0.0,0.0,0.0,0.0,0.0,0.0,0.0,0.0,0.0,0.0,0.0,0.0,1.7994070777798047e-38,0.0,0.0,0.0,0.0,0.0,0.0,0.0,0.0,0.0,0.0,0.0,0.0,0.0,0.0,0.0,0.0,0.0,0.0,0.0,0.0,0.0,0.0,0.0,0.0,2.7032969958318775e-38,0.0,0.0,0.0,0.0,0.0,0.0,0.0,0.0,0.0,0.0,0.0,0.0,0.0,0.0,0.0,0.0,0.0,0.0,0.0,0.016286220401525497,0.016286220401525497
b,0.015723181888461113,0.015723181888461113,0.043251872062683105,0.0,0.0,0.0,0.0,0.0,0.0,0.0,0.0,0.0,1.0243491774214413e-42,0.0,0.0,0.0,0.0,0.0,0.0,0.0,0.0,0.0,0.0,0.0,0.0,0.0,0.0,0.0,0.0,0.0,0.0,0.0,0.0,0.0,0.0,0.0,0.0,0.0,0.0,0.0,4.108281099325623e-37,0.0,0.0,0.0,0.0,0.0,0.0,3.1545026578141054e-36,0.0,0.0,0.0,0.0,0.0,0.0,0.0,0.0,0.0,0.0,2.7263791224640954e-10,0.0,0.0,0.0,0.0,0.0,0.0,0.0,0.0,0.0,0.0,0.0,0.0,0.0,0.0,0.0,0.0,0.0,0.0,0.0,0.0,0.0,0.0,0.0,0.0,0.0,0.0,0.0,0.0,0.0,0.0,0.0,0.0,0.0,0.0,0.0,0.0,0.0,0.0,0.0,0.0,0.0,0.0,0.0,0.0,0.0,0.0,0.0,0.0,0.0,0.0,0.0,0.0,0.0,0.0,0.0,0.0,0.0,0.0,0.0,0.0,0.0,0.0,0.0,0.0,0.0,0.0,0.0,0.0,0.0,0.0,0.0,0.0,0.0,0.0,0.0,0.0,0.0,0.0,0.0,0.0,0.0,0.0,0.0,0.0,0.0,0.015723181888461113,0.015723181888461113
c,0.016066305339336395,0.016066305339336395,0.018474984914064407,0.0,0.0,0.0,0.0,0.0,8.752684743996743e-29,0.0,0.0,0.0,7.006492321624085e-45,1.882135584971475e-21,0.0,0.0,0.0,0.0,1.797329881408802e-18,0.0,0.0,0.0,0.0,0.0,0.0,0.0,0.0,8.325114176553738e-42,0.0,0.0,0.0,0.0,0.0,0.0,0.0,0.0,0.0,0.0,0.0,0.0,2.1850136012858713e-31,0.0,0.0,0.0,0.0,0.0,0.0,0.0,0.0,0.0,1.0,0.0,0.0,0.0,0.0,1.401298464324817e-45,0.0,0.0,4.673372355767924e-09,2.540228751156072e-19,0.0,0.0,0.0,0.0,0.0,0.0,0.0,0.0,0.0,0.0,0.0,0.0,0.0,0.0,3.139188819780455e-41,0.0,0.0,0.0,0.0,3.433181237595802e-43,0.0,0.0,0.0,0.0,0.0,0.0,0.0,0.0,0.0,0.0,0.0,0.0,0.0,0.0,0.0,0.0,0.0,0.0,0.0,0.0,0.0,0.0,0.0,0.0,0.0,0.0,0.0,0.0,0.0,0.0,0.0,0.0,0.0,0.0,0.0,0.0,0.0,0.0,0.0,0.0,2.1019476964872256e-44,0.0,0.0,0.0,0.0,0.0,0.0,0.0,0.0,0.0,0.0,0.0,0.0,0.0,0.0,0.0,0.0,0.0,0.0,0.0,0.0,0.0,0.0,0.0,0.016066305339336395,0.016066305339336395
d,0.015588594600558281,0.015588594600558281,0.02234339714050293,0.0,0.0,0.0,0.0,0.0,0.0,0.0,0.0,0.0,0.0,0.0,0.0,0.0,0.0,0.0,0.0,0.0,0.0,0.0,0.0,0.0,0.0,0.0,0.0,4.90454462513686e-44,0.0,0.0,0.0,0.0,0.0,0.0,0.0,0.0,0.0,0.0,0.0,0.0,1.4738238886369413e-33,0.0,0.0,0.0,0.0,0.0,0.0,0.0,0.0,0.0,0.0,0.0,0.0,0.0,0.0,0.0,0.0,0.0,5.55936640012078e-05,0.0,0.0,0.0,0.0,0.0,0.0,0.0,0.0,0.0,0.0,0.0,0.0,0.0,0.0,0.0,0.0,0.0,0.0,0.0,0.0,0.0,0.0,0.0,0.0,0.0,0.0,0.0,0.0,0.0,0.0,0.0,0.0,0.0,0.0,0.0,0.0,0.0,0.0,0.0,0.0,0.0,0.0,0.0,0.0,0.0,0.0,0.0,0.0,0.0,0.0,0.0,0.0,0.0,0.0,0.0,0.0,0.0,0.0,0.0,0.0,0.0,0.0,0.0,0.0,0.0,0.0,0.0,0.0,0.0,0.0,0.0,0.0,0.0,0.0,0.0,0.0,0.0,0.0,0.0,0.0,0.0,0.0,0.0,0.0,0.0,0.015588594600558281,0.015588594600558281
e,0.01620800979435444,0.01620800979435444,0.0135109294205904,7.291704132855736e-13,0.0,9.38691321546539e-27,0.0,0.0,1.0710479045883403e-06,0.0,0.0,0.0,1.6740465247977366e-37,2.5977164435481297e-32,0.0,3.055221782233275e-07,0.0,0.0,0.0,0.0,0.0,0.0,0.0,0.0,0.0,0.0,0.0,1.300892267811369e-32,0.0,0.0,0.0,0.0,0.0,0.0,0.0,0.0,0.0,0.0,0.0,0.0,8.455433222743098e-24,0.0,0.0,0.9999998807907104,0.0,0.0,0.0,0.0,0.0,0.0,0.0,0.0,0.41015440225601196,0.0,0.0,0.0,0.0,0.0,2.100817566783042e-12,0.9593688249588013,0.0,0.0,0.0,0.0,1.5188155013865506e-37,0.0,0.0,0.0,0.0,0.0,0.0,0.0,0.0,0.0,1.0,0.0,0.0,0.0,0.0,2.507310642394326e-30,0.0,0.0,0.0,0.0,0.0,0.0,0.0,0.0,0.0,0.0,0.0,0.0,0.0,0.0,0.0,0.0,0.0,0.0,0.0,0.0,0.0,0.0,0.0,0.0,0.0,0.0,0.0,0.0,0.0,0.0,0.0,0.0,0.0,0.0,0.0,0.0,0.0,0.0,0.0,0.0,0.0,0.0,0.0,0.0,0.0,0.0,0.0,0.0,0.0,0.0,0.0,0.0,0.0,0.0,0.0,0.0,0.0,0.0,0.0,0.0,0.0,0.0,0.0,0.0,0.01620800979435444,0.01620800979435444
f,0.015856478363275528,0.015856478363275528,0.01576206274330616,0.0,0.0,0.0,0.0,0.0,0.0,0.0,0.0,0.0,0.0,0.0,0.0,3.120480958213418e-19,0.0,0.0,0.0,0.0,0.0,0.0,0.0,0.0,0.0,0.0,0.0,8.145383075000051e-38,0.0,0.0,0.0,0.0,0.0,0.0,0.0,0.0,0.0,0.0,0.0,0.0,2.964871408439472e-28,0.0,0.0,0.0,0.0,0.0,0.0,0.0,0.0,0.0,0.0,0.0,0.0,0.0,0.0,0.0,0.0,0.0,6.818967699523393e-12,0.0,0.0,0.0,0.0,0.0,0.0,0.0,0.0,0.0,0.0,0.0,0.0,0.0,0.0,0.0,0.0,0.0,0.0,0.0,0.0,0.0,8.407790785948902e-45,0.0,0.0,0.0,0.0,0.0,0.0,0.0,0.0,0.0,0.0,0.0,0.0,0.0,0.0,0.0,0.0,0.0,0.0,0.0,0.0,0.0,0.0,0.0,0.0,0.0,0.0,0.0,0.0,0.0,0.0,0.0,0.0,0.0,0.0,0.0,0.0,0.0,0.0,0.0,0.0,0.0,0.0,0.0,0.0,0.0,0.0,0.0,0.0,0.0,0.0,0.0,0.0,0.0,0.0,0.0,0.0,0.0,0.0,0.0,0.0,0.0,0.0,0.0,0.015856478363275528,0.015856478363275528
g,0.01580653339624405,0.01580653339624405,0.011172430589795113,0.0,0.0,0.0,0.0,0.0,0.0,0.0,0.0,0.0,8.407790785948902e-45,0.0,1.401298464324817e-45,0.0,0.0,0.0,0.0,0.0,0.0,0.0,0.0,0.0,0.0,0.0,0.0,0.0,0.0,0.0,0.0,0.0,0.0,0.0,0.0,0.0,0.0,0.0,0.0,9.80908925027372e-45,3.109761552029634e-41,0.0,0.0,0.0,0.0,8.914439835365883e-21,0.0,0.0,0.0,0.0,0.0,0.0,0.0,0.0,0.0,0.0,0.0,0.0,1.9062000445441672e-14,0.0,0.0,0.0,0.0,0.0,0.0,0.0,0.0,0.0,0.0,0.0,0.0,0.0,0.0,0.0,0.0,0.0,0.0,0.0,0.0,9.80908925027372e-45,0.0,0.0,0.0,0.0,3.0988760323826944e-35,0.0,0.0,0.0,0.0,0.0,9.276595833830289e-43,0.0,0.0,0.0,0.0,7.787833522325798e-15,0.0,0.0,0.0,4.203895392974451e-45,0.0,0.0,0.0,0.0,0.0,0.0,0.0,0.0,0.0,0.0,8.004423099357304e-38,0.0,0.0,0.0,0.0,0.0,0.0,0.0,0.0,0.0,0.0,0.0,0.0,0.0,0.0,0.0,0.0,0.0,3.545718685903375e-34,0.0,0.0,0.0,0.0,0.0,0.0,0.0,0.0,0.0,0.0,0.0,0.0,0.0,0.0,0.0,0.01580653339624405,0.01580653339624405
h,0.01639445126056671,0.01639445126056671,0.0139308525249362,0.0,0.0,0.0,0.0,0.0,0.0,0.0,0.0,0.0,1.363405351261686e-31,0.0,0.0,2.5098964360925474e-32,0.0,0.0,0.0,0.0,0.0,0.0,0.0,0.0,0.0,0.0,0.0,1.791980476178576e-41,0.0,0.0,0.0,0.0,0.0,0.0,0.0,0.0,0.0,0.0,0.0,0.0,1.7546501653486558e-38,1.0,0.0,0.0,0.0,0.0,0.0,0.0,0.0,0.0,0.0,0.0,0.0,0.0,0.0,0.0,0.0,0.0,1.5031509370544427e-09,0.0,0.0,0.0,0.0,0.0,0.0,0.0,2.45227231256843e-43,0.0,0.0,0.0,0.0,0.0,0.0,0.0,0.0,0.0,0.0,0.0,0.0,0.0,0.0,0.0,0.0,0.0,0.0,0.0,0.0,0.0,0.0,0.0,0.0,0.0,0.0,0.0,0.0,0.0,0.0,0.0,0.0,0.0,0.0,0.0,0.0,0.0,0.0,0.0,0.0,0.0,0.0,0.0,0.0,0.0,0.0,0.0,0.0,0.0,0.0,0.0,0.0,0.0,0.0,0.0,0.0,0.0,3.5649032932423346e-42,0.0,0.0,0.0,0.0,0.0,0.0,0.0,0.0,0.0,0.0,0.0,0.0,0.0,0.0,0.0,0.0,0.0,0.0,0.0,0.01639445126056671,0.01639445126056671
i,0.016890719532966614,0.016890719532966614,0.02660411410033703,0.0,0.0,0.0,0.0,0.0,0.0,0.0,0.0,0.0,9.360673741689778e-43,0.0,0.0,0.0,0.0,0.0,0.0,0.0,0.0,0.0,0.0,0.0,0.0,0.0,0.0,0.0,0.0,0.0,0.0,0.0,0.0,0.0,0.0,0.0,0.0,0.0,0.0,0.0,3.8115318229635024e-43,0.0,0.0,0.0,0.0,0.0,0.0,0.0,0.0,0.0,0.0,0.0,0.0,0.0,0.0,0.0,0.0,0.0,1.0119405402519988e-07,0.0,0.0,0.0,0.0,0.0,0.0,0.0,7.931349308078465e-43,0.0,0.0,0.0,0.0,0.0,0.0,0.0,0.0,0.0,0.0,0.0,0.0,7.564237498671332e-31,0.0,0.0,0.0,0.0,0.0,0.0,0.0,0.0,0.0,0.0,0.0,0.0,0.0,0.0,0.0,0.0,0.0,0.0,0.0,0.0,0.0,0.0,0.0,0.0,0.0,0.0,0.0,0.0,0.0,0.0,0.0,0.0,0.0,0.0,0.0,0.0,0.0,0.0,0.0,0.0,0.0,0.0,0.0,0.0,7.567011707354012e-44,0.0,0.0,0.0,0.0,0.0,0.0,0.0,0.0,0.0,0.0,0.0,0.0,0.0,0.0,0.0,0.0,0.0,0.0,0.0,0.016890719532966614,0.016890719532966614
p,0.016068028286099434,0.016068028286099434,0.009903869591653347,0.0,0.0,0.0,0.0,0.0,0.0,0.0,0.0,0.0,8.407790785948902e-45,0.0,0.0,1.639170279942419e-38,0.0,0.0,0.0,0.0,0.0,0.0,0.0,0.0,0.0,0.0,0.0,5.626095042252976e-35,0.0,0.0,0.0,0.0,1.390788725842381e-41,0.0,0.0,0.0,0.0,0.0,0.0,3.247649320919196e-41,1.0137594789921906e-32,0.0,0.0,0.0,0.0,1.6815581571897805e-44,0.0,0.0,0.0,0.0,0.0,0.0,0.0,0.0,0.0,0.0,0.0,0.0,1.476780329967564e-11,0.0,0.0,0.0,0.0,0.0,0.0,0.0,0.0,0.0,0.0,1.0518005470752382e-36,0.0,0.0,0.0,0.0,0.0,0.0,0.0,0.0,0.0,0.0,1.4129726257791685e-37,0.0,0.0,0.0,0.0,0.0,0.0,0.0,0.0,0.0,0.0,0.0,0.0,0.0,0.0,0.0,0.0,0.0,0.0,0.0,0.0,0.0,0.0,0.0,0.0,0.0,0.0,0.0,0.0,0.0,0.0,0.0,0.0,0.0,0.0,0.0,0.0,0.0,0.0,0.0,0.0,0.0,0.0,0.0,0.0,0.0,0.0,0.0,0.0,0.0,0.0,0.0,0.0,0.0,0.0,0.0,0.0,0.0,0.0,0.0,0.0,0.0,0.0,0.0,0.016068028286099434,0.016068028286099434
q,0.01565251685678959,0.01565251685678959,0.02116352505981922,1.401298464324817e-45,0.0,0.0,0.0,3.4250810598487415e-37,0.0,0.0,0.0,0.0,0.0,0.0,0.0,0.0,0.0,0.0,0.0,0.0,0.0,0.0,0.0,0.0,0.0,0.0,0.0,0.0,0.0,0.0,0.0,0.0,0.0,0.0,0.0,0.0,0.0,0.0,0.0,0.0,2.0871464691263682e-35,0.0,0.0,0.0,0.0,0.0,0.0,0.0,0.0,0.0,0.0,0.0,0.0,0.0,0.0,0.0,0.0,0.0,6.574163502052997e-17,0.0,0.0,0.0,0.0,0.0,0.0,0.0,0.0,0.0,0.0,0.0,0.0,0.0,0.0,0.0,0.0,0.0,0.0,0.0,0.0,0.0,0.0,0.0,0.0,0.0,0.0,0.0,0.0,0.0,0.0,0.0,0.0,0.0,0.0,0.0,0.0,6.165713243029195e-44,0.0,0.0,0.0,0.0,0.0,0.0,0.0,0.0,0.0,0.0,0.0,0.0,0.0,0.0,0.0,0.0,0.0,0.0,0.0,0.0,0.0,0.0,0.0,0.0,0.0,0.0,0.0,0.0,0.0,0.0,0.0,0.0,0.0,0.0,0.0,0.0,0.0,0.0,0.0,0.0,0.0,0.0,0.0,0.0,0.0,0.0,0.0,0.0,0.01565251685678959,0.01565251685678959
r,0.01621209643781185,0.01621209643781185,0.018037984147667885,9.822886529120718e-35,1.757476120189949e-08,0.0,0.0,0.0,0.0,0.0,0.0,0.0,0.0,2.058325948919859e-12,0.0,0.9903878569602966,0.0,0.0,0.0,0.0,0.0,0.0,0.0,0.0,0.0,0.9999998807907104,0.0,3.3637609570588006e-15,3.2289343421254557e-10,0.0,0.0,0.0,1.0,0.0,0.0,0.0,0.0,0.0,0.0,6.822615253787231e-14,1.410933526601308e-31,0.0,0.0,0.0,0.0,0.0,0.0,0.0,0.0,0.002836841158568859,0.0,0.0,0.0,0.0,0.0,0.0,0.0,0.0,2.0791661448082976e-10,0.0,0.0,0.0,1.0,0.0,0.0,0.0,1.550019113751336e-29,0.0,0.0,2.9560109948408134e-35,0.0,0.0,0.0,0.0,0.0,0.0,0.0,0.0,0.0,0.0,1.7788058078417067e-24,0.0,0.0,0.0,0.0,0.0,0.0,0.0,0.0,0.0,3.8469128947061764e-21,0.0,0.0,0.0,0.0,0.0,0.0,0.0,0.0,0.0,0.0,0.0,0.0,0.0,0.0,0.0,0.0,0.0,0.0,0.0,0.0,0.0,0.0,0.0,0.0,0.0,0.0,0.0,0.0,0.0,3.226307796220553e-20,0.0,0.0,0.0,5.548301139647681e-41,0.0,0.0,0.0,0.0,0.0,0.0,0.0,0.0,0.0,0.0,0.0,0.0,0.0,0.0,0.0,0.0,0.0,0.0,0.0,0.01621209643781185,0.01621209643781185
s,0.015459703281521797,0.015459703281521797,0.018293241038918495,0.0,0.0,0.0,0.0,0.0,0.0,0.0,0.0,0.0,0.0,0.0,0.0,0.0,0.0,0.0,0.0,0.0,0.0,0.0,0.0,0.0,0.0,0.0,0.0,0.0,0.0,0.0,0.0,0.0,0.0,0.0,0.0,0.0,0.0,0.0,0.0,1.401298464324817e-45,1.8216880036222622e-44,0.0,0.0,0.0,0.0,0.0,0.0,0.0,0.0,0.0,0.0,0.0,0.0,0.0,0.0,0.0,0.0,0.0,5.441150134621875e-12,0.0,0.0,0.0,0.0,0.0,0.0,0.0,0.0,0.0,0.0,0.0,0.0,0.0,0.0,0.0,0.0,0.0,0.0,0.0,0.0,0.0,0.0,0.0,0.0,0.0,0.0,0.0,0.0,0.0,0.0,0.0,0.0,0.0,0.0,0.0,0.0,0.0,0.0,0.0,0.0,0.0,0.0,0.0,0.0,0.0,0.0,0.0,0.0,0.0,0.0,0.0,0.0,0.0,0.0,0.0,0.0,0.0,0.0,0.0,0.0,0.0,0.0,0.0,0.0,0.0,0.0,0.0,0.0,0.0,0.0,0.0,0.0,0.0,0.0,0.0,0.0,0.0,0.0,0.0,0.0,0.0,0.0,0.0,0.0,0.0,0.015459703281521797,0.015459703281521797
t,0.015888763591647148,0.015888763591647148,0.02029232680797577,1.0,0.0,1.0,0.0,0.0,2.277936706553137e-18,1.0,2.1710983067899716e-17,0.0,0.0,1.7646460719333845e-06,1.4412411430019174e-23,0.0060838391073048115,0.0,0.0,0.0,0.0,0.0,1.0,1.0,0.0,0.0,2.1413092846808815e-22,1.0,2.77155251873773e-13,1.0,0.0862032026052475,0.0,0.0,1.0089348943138683e-43,1.0,0.0,0.0,1.0,0.0,1.0,1.0,5.210208814351897e-34,0.0,0.9565505981445312,1.3178592439544445e-07,1.0,2.7869622744342434e-22,0.0,0.0,0.0,0.9946001768112183,1.19198625444568e-30,0.0,0.589845597743988,0.0,0.0,0.0,0.0,4.62069473834397e-36,2.8456486056427366e-09,2.061590300714671e-41,0.0,0.0,1.0721729493817778e-14,2.043070740210154e-39,0.0,1.0,1.4153114489680652e-43,0.0,0.0,0.0,0.0,0.9999992847442627,1.0,0.0,0.0,0.0,0.0,0.0,0.0,0.0,5.604073417368308e-26,0.0,0.0,2.2187052169530202e-24,0.0,0.0,0.0,0.0,0.0,0.0,6.911673153808806e-07,0.0,0.0,0.0,0.0,0.0,0.0,0.0,0.0,7.006492321624085e-45,1.1363603571320003e-30,0.0,0.0,0.0,0.0,0.0,0.0,0.0,0.0,0.0,0.0,0.0,0.0,0.0,0.0,0.0,3.8803376500163626e-31,0.0,0.0,0.0,5.3650140735155e-34,0.0,0.0,0.0,0.0,0.0,0.0,0.0,0.0,0.0,0.0,0.0,0.0,0.0,0.0,0.0,0.0,0.0,0.0,0.0,0.0,0.0,0.0,0.0,0.015888763591647148,0.015888763591647148
u,0.016406096518039703,0.016406096518039703,0.01909283921122551,0.0,0.0,0.0,0.0,0.0,0.0,0.0,0.0,0.0,1.5274153261140506e-42,0.0,0.0,0.0,0.0,0.0,0.0,0.0,0.0,0.0,0.0,0.0,0.0,0.0,0.0,5.93230911852984e-27,0.0,0.0,0.0,0.0,0.0,0.0,0.0,0.0,0.0,0.0,0.0,4.0068006339935e-37,5.422159646693313e-28,2.3261554507791963e-43,0.0,0.0,0.0,0.0,0.0,0.0,2.8422536751900265e-41,0.0,1.1043353833120866e-14,0.0,0.0,0.0,0.0,0.0,0.0,0.0,8.966548337152602e-11,0.0,0.0,0.0,0.0,0.0,0.0,0.0,0.0,0.0,0.0,0.0,0.0,0.0,0.0,0.0,0.0,0.0,0.0,0.0,0.0,4.711649306833179e-18,0.0,0.0,0.0,0.0,0.0,0.0,0.0,0.0,0.0,0.0,0.0,0.0,0.0,0.0,0.0,0.0,0.0,0.0,0.0,4.871519958960439e-23,0.0,0.0,0.0,0.0,0.0,0.0,0.0,0.0,0.0,0.0,0.0,0.0,0.0,0.0,0.0,0.0,0.0,0.0,0.0,0.0,0.0,0.0,0.0,0.0,1.376586513417674e-22,0.0,0.0,0.0,0.0,0.0,0.0,0.0,0.0,0.0,0.0,0.0,0.0,0.0,0.0,0.0,0.0,0.0,0.0,0.0,0.016406096518039703,0.016406096518039703
v,0.016410337761044502,0.016410337761044502,0.007871394976973534,0.0,0.0,0.0,0.0,0.0,0.0,0.0,0.0,0.0,0.0,0.0,0.0,0.0,0.0,0.0,0.0,0.0,0.0,0.0,0.0,0.0,0.0,0.0,0.0,2.3346874915431395e-24,0.0,0.0,0.0,0.0,5.864452570339089e-38,0.0,0.0,0.0,0.0,0.0,0.0,0.0,5.732870983882775e-26,0.0,0.0,0.0,0.0,0.0,0.0,0.0,0.0,0.0,0.0,0.0,0.0,0.0,0.0,0.0,0.0,0.0,8.624534864054567e-09,0.0,0.0,0.0,0.0,0.0,0.0,0.0,0.0,0.0,0.0,0.0,0.0,0.0,0.0,0.0,8.828180325246348e-44,0.0,0.0,0.0,0.0,0.0,0.0,0.0,0.0,0.0,0.0,0.0,0.0,0.0,0.0,0.0,0.0,0.0,0.0,0.0,0.0,0.0,0.0,0.0,0.0,5.957966301177886e-33,0.0,0.0,0.0,0.0,0.0,0.0,0.0,0.0,0.0,0.0,0.0,0.0,0.0,0.0,0.0,0.0,0.0,0.0,0.0,0.0,0.0,0.0,0.0,0.0,3.3491033297363128e-43,0.0,0.0,0.0,0.0,0.0,0.0,0.0,0.0,0.0,0.0,0.0,0.0,0.0,0.0,0.0,0.0,0.0,0.0,0.0,0.016410337761044502,0.016410337761044502
w,0.015875037759542465,0.015875037759542465,0.005901740398257971,0.0,0.0,0.0,0.0,0.0,0.0,0.0,0.0,1.1210621731442079e-38,0.0,0.0,0.0,0.0,0.0,0.0,0.0,0.0,0.0,0.0,0.0,0.0,0.0,0.0,0.0,3.9015233496023625e-31,0.0,0.0,0.0,0.0,0.0,0.0,0.0,0.0,0.0,0.0,0.0,0.0,1.151139447450643e-17,0.0,0.0,0.0,0.0,0.0,0.0,1.505545474956893e-25,5.989646723342368e-21,0.0,0.0,0.0,0.0,0.0,1.0,0.0,0.0,0.0,5.858843039896217e-15,6.481846176580874e-41,0.0,0.0,0.0,0.0,1.6059013135022804e-32,0.0,2.4040634482264958e-35,3.5032461608120427e-44,0.0,0.0,0.0,0.0,0.0,0.0,4.275138665466022e-29,0.0,0.0,0.0,0.0,0.0,0.0,0.0,0.0,0.0,0.0,0.0,0.0,0.0,0.0,0.0,0.0,0.0,0.0,0.0,0.0,0.0,0.0,0.0,0.0,7.813443860805763e-21,0.0,0.0,0.0,0.0,0.0,0.0,0.0,0.0,0.0,0.0,0.0,0.0,0.0,0.0,0.0,0.0,0.0,0.0,0.0,0.0,0.0,0.0,0.0,1.5178244190346723e-38,0.0,0.0,0.0,0.0,0.0,0.0,0.0,0.0,0.0,0.0,0.0,2.536350220427919e-43,0.0,0.0,0.0,0.0,0.0,0.0,0.0,0.0,0.015875037759542465,0.015875037759542465
x,0.016127455979585648,0.016127455979585648,0.008451196365058422,0.0,0.0,0.0,0.0,0.0,0.0,0.0,0.0,0.0,0.0,1.5834672646870433e-43,0.0,0.0,0.0,0.0,0.0,0.0,0.0,0.0,0.0,0.0,0.0,0.0,0.0,0.0,0.0,0.0,0.0,0.0,0.0,0.0,0.0,0.0,0.0,0.0,0.0,0.0,4.92288186883692e-29,0.0,0.0,0.0,0.0,0.0,0.0,0.0,0.0,0.0,0.0,0.0,0.0,0.0,0.0,0.0,0.0,0.0,1.6434266057394065e-13,0.0,0.0,0.0,0.0,0.0,0.0,0.0,1.8216880036222622e-44,0.0,0.0,0.0,0.0,0.0,0.0,0.0,5.521115949439779e-43,0.0,0.0,0.0,0.0,0.0,0.0,0.0,0.0,0.0,0.0,0.0,0.0,0.0,0.0,0.0,0.0,0.0,0.0,0.0,0.0,0.0,0.0,0.0,0.0,0.0,0.0,0.0,0.0,0.0,0.0,0.0,0.0,0.0,0.0,0.0,0.0,0.0,0.0,0.0,0.0,0.0,0.0,0.0,0.0,0.0,0.0,0.0,0.0,0.0,1.5414283107572988e-44,0.0,0.0,0.0,0.0,0.0,0.0,0.0,0.0,0.0,0.0,0.0,0.0,0.0,0.0,0.0,0.0,0.0,0.0,0.0,0.016127455979585648,0.016127455979585648
y,0.01593334786593914,0.01593334786593914,0.013582391664385796,4.342525009271027e-38,0.0,0.0,0.0,0.0,0.0,0.0,0.0,0.0,9.660715374399024e-35,0.0,0.0,7.266167599409212e-26,0.0,0.0,0.0,0.0,0.0,0.0,0.0,0.0,0.0,0.0,0.0,0.0,0.0,0.0,0.0,0.0,0.0,0.0,0.0,0.0,0.0,0.0,0.0,1.2867406382586133e-32,7.599066241569627e-37,0.0,0.0,0.0,0.0,0.0,0.0,0.0,0.0,0.0,0.0,0.0,0.0,0.0,0.0,0.0,0.0,0.0,1.849809611043085e-10,0.0,0.0,0.0,0.0,0.0,0.0,0.0,0.0,0.0,0.0,0.0,0.0,0.0,0.0,0.0,0.0,0.0,0.0,0.0,0.0,8.137620442027078e-41,0.0,0.0,0.0,0.0,0.0,0.0,0.0,0.0,0.0,0.0,0.0,0.0,0.0,0.0,0.0,7.715071208641162e-28,0.0,0.0,0.0,3.659210679891395e-41,0.0,0.0,0.0,0.0,0.0,0.0,0.0,0.0,0.0,0.0,0.0,0.0,0.0,0.0,0.0,0.0,0.0,0.0,0.0,0.0,0.0,0.0,0.0,0.0,0.0,0.0,0.0,0.0,0.0,0.0,0.0,0.0,0.0,0.0,0.0,0.0,0.0,0.0,0.0,0.0,0.0,0.0,0.0,0.0,0.01593334786593914,0.01593334786593914
J,0.016002248972654343,0.016002248972654343,0.019403671845793724,0.0,0.0,0.0,0.0,0.0,0.0,0.0,0.0,0.0,1.401298464324817e-45,0.0,2.6438116042875175e-29,0.0,0.0,0.0,0.0,0.0,0.0,0.0,0.0,0.0,0.0,0.0,0.0,2.1019476964872256e-44,0.0,0.0,0.0,0.0,0.0,0.0,0.0,0.0,0.0,0.0,0.0,3.79138775739077e-32,0.0,0.0,0.0,0.0,0.0,0.0,0.0,0.0,0.0,0.0,0.0,0.0,0.0,0.0,0.0,0.0,0.0,0.0,0.02240869589149952,0.0,0.0,0.0,0.0,0.0,0.0,2.620236879072997e-37,0.0,0.0,0.0,0.0,0.0,0.0,0.0,0.0,0.0,0.0,0.0,0.0,0.0,0.0,0.0,0.0,0.0,0.0,0.0006830121274106205,0.0,1.235404904846645e-38,0.0,0.0,0.0,5.851295767847155e-35,0.0,0.0,0.0,0.0,0.0,0.0,0.0,0.0,1.3952390607130981e-32,0.0,0.9999995231628418,0.0,0.0,0.0,2.3033551578125316e-28,0.0,1.0,0.0,0.0,1.1099495168309659e-05,0.0,1.0,1.0,1.0,0.0,0.0,0.0,1.0,0.0,0.0,0.0,1.0,0.0,0.0,0.0,0.0,0.0,0.007846713066101074,0.0,1.0,1.0,1.0273433215246541e-09,0.0,1.0,0.0,0.0,0.0,0.0,0.0,0.0,0.0,0.0,2.024620482788841e-32,0.016002248972654343,0.016002248972654343
K,0.01613341085612774,0.01613341085612774,0.007599340286105871,0.0,0.0,0.0,0.0,0.0,1.65388322966132e-32,0.0,0.0,0.0,4.624377754282173e-37,5.465064010866787e-44,0.0,0.0,0.0,0.0,0.0,0.0,0.0,0.0,0.0,0.0,0.0,0.0,0.0,1.3872854796815689e-43,0.0,0.0,0.0,0.0,0.0,0.0,0.0,0.0,0.0,0.0,0.0,0.0,1.6717654962479215e-30,0.0,0.0,0.0,0.0,0.0,0.0,0.0,0.0,0.0,0.0,0.0,0.0,0.0,0.0,0.0,0.0,0.0,2.7748530903592972e-11,0.0,0.0,0.0,0.0,0.0,3.475979481801076e-15,0.0,0.0,0.0,0.0,6.816798548508435e-40,4.4315197931821387e-38,0.0,0.0,0.0,0.0,0.0,0.0,0.0,0.0,0.0,0.0,0.0,0.0,0.0,0.0,4.9561523427155455e-34,0.0,0.0,0.0,0.0,9.21788142817508e-41,0.0,0.0,0.0,0.0,0.0,0.0,0.0,0.0,0.0,1.244212906474005e-41,0.0,0.0,0.0,0.0,0.0,1.0,0.0,0.0,0.0,0.0,0.5480991005897522,0.0,0.0,0.0,0.0,0.0,4.912042186333565e-06,0.0,0.0,1.1552045606842515e-34,0.0,0.0,0.0,1.3673627508037356e-10,0.0,0.0,0.0,0.0,0.0,0.0,0.0,0.0,0.0,0.0,4.8741401106011214e-20,0.0,0.0,0.0,0.0,0.0,0.0,0.0,0.0,0.01613341085612774,0.01613341085612774
L,0.01593516394495964,0.01593516394495964,0.02165346033871174,0.0,0.0,0.0,0.0,0.0,0.0,0.0,0.0,0.0,5.19913951465799e-33,0.0,0.0,0.0,0.0,0.0,0.0,0.0,0.0,0.0,0.0,0.0,0.0,0.0,0.0,0.0,0.0,0.0,0.0,0.0,0.0,0.0,0.0,0.0,0.0,0.0,0.0,0.0,1.1567355298532212e-30,1.3215926076740215e-40,0.0,0.0,0.0,0.0,0.0,2.5897097089000454e-07,0.0,0.0,0.0,0.0,0.0,0.0,0.0,0.0,0.0,1.0,0.000773350999224931,1.379390698208081e-14,0.0,0.0,0.0,0.0,0.0,0.0,0.0,0.0,0.0,0.0,0.0,0.0,0.0,0.0,0.0,0.0,0.0,0.0,0.0,0.0,0.0,0.0,0.0,0.0,0.0,0.0,0.0,0.0,0.0,0.0,0.0,0.0,0.0,0.0,0.0,0.0,0.0,0.0,0.0,0.0,0.0,0.0,0.0,0.0,0.0,0.0,0.0,0.0,0.0,1.0,0.0,0.0,0.0,0.0,0.0,0.0,0.0,0.0,0.0,0.0,0.0,0.0,0.0,0.0,9.268911006290298e-29,0.0,0.0,1.0,0.0,0.0,0.0,0.0,0.0,0.0,0.0,0.0,0.0,0.0,0.0,0.0,0.0,0.0,0.0,0.0,0.01593516394495964,0.01593516394495964
M,0.015881968662142754,0.015881968662142754,0.009859488345682621,0.0,0.0,0.0,0.0,0.0,0.0,0.0,0.0,0.0,1.0,0.0,0.0,5.194540804829385e-18,0.0,0.0,0.0,0.0,0.0,0.0,0.0,0.0,0.0,0.0,0.0,2.2289706538836107e-11,0.0,0.0,0.0,0.0,1.0847506639192446e-34,0.0,0.0,2.430303091556377e-37,0.0,1.0,0.0,1.401298464324817e-45,8.800386871868956e-15,3.44345599782314e-25,0.0,0.0,0.0,0.0,1.0,0.0,0.002651230664923787,0.0,0.0,0.0,0.0,0.0,0.0,0.0,0.0,0.0,2.2216866475861796e-13,1.5085002631309628e-36,0.0,0.0,0.0,0.0,1.6627215145457635e-33,0.0,1.0,0.0,0.9939954876899719,1.0,0.0,0.0,0.0,0.0,2.815707135020982e-15,0.0,0.0,0.0,0.0,3.4357084399604884e-33,1.0,0.0,1.0,0.0,0.0,1.0,0.0,1.0,0.0,0.0,4.0428949864441183e-29,0.0,1.0,0.0,0.0,1.1375828505659605e-16,1.0,2.7722532117031446e-39,1.4433374182545616e-43,0.4922891855239868,0.0,0.0,1.0,0.0,0.0,0.0,0.0,0.0,1.0,0.0,0.0,0.0,0.0,0.0,0.0,0.0,0.0,0.0,0.0,1.2328235776538751e-33,0.0,0.0,0.0,0.0,0.9999998807907104,0.0,0.0,0.0,0.0,0.0,0.0,0.0,0.0,0.0,0.0,1.1015691137039596e-10,0.0,0.0,1.081993034794491e-21,0.0,0.0,0.0,0.0,0.0,0.015881968662142754,0.015881968662142754
N,0.01665036380290985,0.01665036380290985,0.009961689822375774,0.0,0.0,0.0,0.0,0.0,0.0,0.0,0.0,0.0,4.7223758247746335e-43,0.0,0.0,0.0,0.0,0.0,0.0,0.0,0.0,0.0,0.0,0.0,0.0,0.0,0.0,1.0842633905163488e-35,0.0,0.0,0.0,0.0,4.203895392974451e-45,0.0,0.0,0.0,0.0,0.0,0.0,0.0,1.8700554065084702e-29,0.0,0.0,0.0,0.0,0.0,2.673194687858589e-34,0.0,1.523710560230019e-34,0.0,0.0,0.0,0.0,0.0,0.0,0.0,0.0,0.0,2.227951512168147e-08,0.0,0.0,0.0,0.0,0.0,0.0,0.0,1.764166928349472e-26,1.3769742001026627e-31,1.6133582220997095e-38,0.0,0.0,0.0,0.0,0.0,0.0,0.0,0.0,0.0,0.0,0.0,1.2949399108825635e-41,6.332117547771644e-37,0.0,0.0,0.0,7.353079733344355e-26,0.0,0.0,0.0,0.0,7.006492321624085e-45,0.0,0.0,0.0,0.0,0.0,0.0,3.3472822022520763e-38,0.0,6.135661513195877e-25,0.0,0.0,0.0,0.0,0.0,0.0,0.0,0.0,0.0,0.0,0.0,0.0,0.0,0.0,0.0,0.0,0.0,0.0,0.0,2.693893719926379e-34,0.0,0.0,0.0,0.0,1.5245855422563181e-07,0.0,0.0,0.0,0.0,0.0,0.0,0.0,0.0,0.0,0.0,7.006492321624085e-45,0.0,0.0,0.0,0.0,0.0,0.0,0.0,0.0,0.01665036380290985,0.01665036380290985
O,0.01620522327721119,0.01620522327721119,0.03359789773821831,0.0,0.0,0.0,0.0,0.0,0.0,0.0,0.0,0.0,1.7563217574711673e-36,0.0,0.0,0.0,0.0,0.0,0.0,0.0,0.0,0.0,0.0,0.0,0.0,0.0,0.0,1.4567771400632955e-21,0.0,0.0,0.0,0.0,0.0,0.0,0.0,0.0,0.0,0.0,0.0,0.0,1.7788183171449715e-15,0.0,0.0,0.0,0.0,0.0,0.0,1.401298464324817e-45,4.508337685801838e-37,0.0,0.0,0.0,0.0,0.0,0.0,0.0,0.0,0.0,1.0262568821417517e-06,0.0,0.0,0.0,0.0,0.0,0.0,0.0,0.0,0.0,0.0,4.189882408331203e-43,0.0,0.0,0.0,0.0,0.0,0.0,0.0,0.0,0.0,0.0,0.0,0.0,0.0,0.0,0.0,0.0,0.0,0.0,0.0,0.0,1.401298464324817e-45,0.0,0.0,0.0,0.0,0.0,0.0,0.0,0.0,4.492379334632672e-22,0.0,0.0,0.0,0.0,0.0,0.0,0.0,0.0,0.0,0.0,0.0,0.0,0.0,0.0,0.0,0.0,0.0,0.0,0.0,0.0,0.0,0.0,0.0,0.0,0.0,0.0,0.0,0.0,0.0,0.0,0.0,0.0,5.275623162745479e-15,0.0,0.0,2.942726775082116e-44,0.0,0.0,0.0,0.0,0.0,0.0,0.0,0.0,0.01620522327721119,0.01620522327721119
Z,0.015744978561997414,0.015744978561997414,0.017096467316150665,0.0,0.7971615791320801,0.0,0.0,0.0,0.0,4.759588989600161e-08,0.0,0.0,0.0,1.6888589221889128e-39,0.0,0.0,0.0,0.0,0.0,0.0,0.0,0.0,3.099670260048315e-12,0.0,0.0,0.0,0.0,0.0,0.0,0.0,0.0,0.0,0.0,0.0,0.0,0.0,0.0,0.0,0.0,0.0,0.0,0.0,0.0,0.0,0.0,0.0,0.0,0.0,0.0,0.0,0.0,0.0,8.892640054605289e-41,0.0,0.0,0.0,0.0,0.0,4.102451451465372e-12,1.9180263279849896e-06,0.0,0.0,0.0,0.0,0.0,0.0,0.0,0.0,0.0,0.0,0.0,2.296987255086662e-17,0.0,0.0,0.0,0.0,0.0,0.0,0.0,0.0,0.0,0.0,0.0,0.0,0.0,0.0,0.0,0.0,0.0,0.0,3.6355449909064916e-38,0.0,0.0,0.0,9.443423919686334e-24,0.0,0.0,0.0,0.0,0.0,0.0,0.0,0.0,0.0,0.0,3.6788288583919423e-41,0.0,0.0,0.0,0.0,0.0,0.0,4.2319213622609476e-42,0.0,0.0,0.0,0.0,0.0,0.0,0.0,0.0,0.0,0.0,0.0,0.0,0.0,4.716734474641271e-05,0.0,0.0,0.0,0.0,0.0,0.982994794845581,0.0,0.0,0.0,0.0,0.0,0.0,0.0,0.9999997615814209,0.0,0.0,0.0,0.015744978561997414,0.015744978561997414
j,0.016377495601773262,0.016377495601773262,0.021795881912112236,0.0,0.0,0.0,0.0,0.0,0.0,0.0,0.0,0.0,3.9558655647889586e-42,0.0,0.0,0.0,0.0,0.0,0.0,0.0,0.0,0.0,0.0,0.0,0.0,0.0,0.0,4.077778531185218e-43,0.0,0.0,0.0,0.0,0.0,0.0,0.0,0.0,0.0,0.0,0.0,0.0,1.1946069408369066e-41,0.0,0.0,0.0,0.0,0.0,0.0,0.0,0.0,0.0,0.0,0.0,0.0,0.0,0.0,0.0,0.0,0.0,3.20624193861363e-09,0.0,0.0,0.0,0.0,0.0,0.0,0.0,0.0,0.0,0.0,0.0,0.0,0.0,0.0,0.0,0.0,0.0,0.0,0.0,0.0,0.0,0.0,0.0,0.0,0.0,0.0,0.0,0.0,0.0,0.0,0.0,0.0,0.0,0.0,0.0,0.0,0.0,0.0,0.0,0.0,0.0,0.0,0.0,0.0,0.0,0.0,0.0,0.0,0.0,0.0,0.0,1.1210387714598537e-44,0.0,0.0,0.0,0.0,0.0,0.0,0.0,0.0,0.0,0.0,0.0,0.0,0.0,0.0,0.0,0.0,0.0,0.0,0.0,0.0,0.0,0.0,0.0,0.0,0.0,0.0,0.0,0.0,0.0,0.0,0.0,0.0,0.0,0.016377495601773262,0.016377495601773262
k,0.016122711822390556,0.016122711822390556,0.007231435272842646,0.0,0.0,0.0,0.0,0.0,2.6109136061656996e-23,5.352107695838983e-37,0.0,0.0,5.4477860008016616e-40,3.3660843001825924e-09,0.0,0.0,0.0,0.0,0.0,0.0,0.0,0.0,7.10443677077657e-31,0.0,0.0,0.0,0.0,3.218830216701892e-39,0.0,0.0,0.0,0.0,0.0,0.0,0.0,0.0,0.0,0.0,2.2642180586560394e-41,0.0,5.091682707151723e-29,2.987655206445298e-39,0.0,0.0,8.067142079711922e-37,0.0,0.0,0.0,0.0,0.0,0.0,0.0,1.224358470481192e-24,0.0,0.0,0.0,0.0,0.0,1.2392704793728193e-16,0.04062918201088905,0.0,0.0,0.0,0.0,2.596729926532871e-25,0.0,0.0,0.0,0.0,1.401298464324817e-45,9.80908925027372e-45,0.0,0.0,0.0,4.900093200795823e-34,0.0,0.0,0.0,0.0,2.119206240835123e-34,0.0,0.0,0.0,0.0,0.0,4.236405517346787e-41,0.0,0.0,0.0,0.0,1.41854984971912e-38,0.0,0.0,0.0,0.0,0.0,0.0,0.0,0.0,0.0,1.4161522280466601e-40,0.0,0.0,0.0,0.0,0.0,0.0,0.0,0.0,0.0,0.0,0.0,0.0,0.0,0.0,0.0,0.0,1.0896760885641232e-35,0.0,0.0,1.1291229931515048e-22,0.0,0.0,0.0,4.762207270777967e-14,0.0,0.0,0.0,0.0,0.0,0.0,0.0,0.0,0.0,0.0,3.084995097138414e-35,0.0,0.0,0.0,0.0,0.0,0.0,0.0,0.0,0.016122711822390556,0.016122711822390556
l,0.017390301451086998,0.017390301451086998,0.02511489763855934,0.0,0.0,0.0,0.0,0.0,0.0,0.0,0.0,0.0,0.0,0.0,0.0,0.0,0.0,0.0,0.0,0.0,0.0,0.0,0.0,0.0,0.0,0.0,0.0,0.0,0.0,0.0,0.0,0.0,0.0,0.0,0.0,0.0,0.0,0.0,0.0,0.0,6.940031954546412e-33,0.0,0.0,0.0,0.0,0.0,0.0,0.0,0.0,0.0,0.0,0.0,5.605193857299268e-45,0.0,0.0,0.0,0.0,0.0,1.711926103098449e-07,3.377446382597239e-35,0.0,0.0,0.0,0.0,0.0,0.0,0.0,0.0,0.0,0.0,0.0,0.0,0.0,0.0,0.0,0.0,0.0,0.0,0.0,1.1085111631887898e-39,0.0,0.0,0.0,0.0,0.0,0.0,0.0,0.0,0.0,0.0,1.412292603660401e-37,0.0,0.0,0.0,0.0,0.0,0.0,0.0,0.0,0.0,0.0,0.0,0.0,0.0,0.0,0.0,0.0,0.0,0.0,0.0,0.0,0.0,0.0,0.0,0.0,0.0,0.0,0.0,0.0,0.0,0.0,0.0,0.0,0.0,1.2387965971989996e-25,0.0,0.0,0.0,0.0,0.0,0.0,0.0,0.0,0.0,0.0,0.0,0.0,0.0,0.0,0.0,0.0,0.0,0.0,0.0,0.017390301451086998,0.017390301451086998
m,0.015885526314377785,0.015885526314377785,0.007318656425923109,0.0,0.0,0.0,0.0,0.0,0.0,0.0,0.0,0.0,3.645544757497042e-24,0.0,3.073350885355881e-37,1.0967175712690049e-26,0.0,0.0,0.0,0.0,0.0,0.0,0.0,0.0,0.0,0.0,0.0,3.302847107988782e-05,0.0,0.0,0.0,0.0,1.5652503846508207e-42,0.0,0.0,0.0,0.0,6.113483748287614e-31,0.0,7.592457033191706e-33,0.9867472648620605,2.802596928649634e-45,0.0,2.802596928649634e-45,0.0,1.3519568306617186e-35,3.4023466360482756e-28,0.0,0.9973487854003906,0.0,0.0,0.0,0.0,0.0,1.1562020640681952e-32,0.0,0.0,0.0,4.725606325308786e-19,0.0,0.0,0.0,0.0,0.0,0.0,0.0,7.6231579725361e-19,0.0,0.0060045067220926285,2.6254295619004162e-22,0.0,0.0,0.0,0.0,1.349725317406278e-13,0.0,0.0,0.0,0.0,5.883438736198343e-10,0.0,0.0,0.0,0.0,0.0,2.3331619431008204e-42,0.0,0.0,0.0,0.0,0.0,0.0,0.0,0.0,0.0,1.764336376470083e-17,2.3604928683490117e-39,0.0,0.0,2.154715969077396e-32,0.0,0.0,0.0,0.0,0.0,0.0,0.0,0.0,0.0,0.0,0.0,0.0,0.0,0.0,0.0,0.0,0.0,0.0,0.0,0.0,0.0,0.0,0.0,6.182400498844508e-34,4.718422761806773e-39,0.0,0.0,0.0,0.0,0.0,0.0,0.0,0.0,0.0,0.0,0.0,0.0,0.0,0.0,0.0,0.0,0.0,0.0,0.0,0.015885526314377785,0.015885526314377785
n,0.01606234535574913,0.01606234535574913,0.012066492810845375,0.0,2.743395242624773e-28,0.0,0.0,0.0,0.0,0.0,0.0,0.0,7.148393409315474e-39,0.0,4.021726592612225e-43,3.627281038465907e-14,0.0,0.0,0.0,0.0,0.0,0.0,0.0,0.0,0.0,0.0,0.0,1.7642347665849447e-41,0.0,0.0,0.0,0.0,0.0,0.0,0.0,0.0,0.0,0.0,0.0,1.449875560875446e-25,1.2890875645905838e-24,4.2109547962498e-25,0.0,2.8415440755843127e-34,0.0,1.4582635135933816e-31,0.0,0.0,6.375908012677918e-43,0.0,0.0,0.0,0.0,0.0,0.0,0.0,0.0,0.0,4.1117755034125736e-11,0.0,0.0,0.0,0.0,0.0,0.0,0.0,0.0,0.0,0.0,0.0,0.0,0.0,0.0,0.0,0.0,0.0,0.0,0.0,0.0,0.0,4.6390319766900205e-34,0.0,1.0659468869034151e-34,0.0,0.0,0.0,0.0,0.0,0.0,0.0,5.7376586683942195e-36,0.0,0.0,0.0,0.0,0.0,0.0,0.0,0.0,6.708005737913141e-25,0.0,0.0,0.0,0.0,0.0,0.0,0.0,0.0,0.0,0.0,0.0,0.0,0.0,0.0,0.0,0.0,0.0,0.0,0.0,0.0,0.0,0.0,0.0,0.0,0.0,0.0,0.0,0.0,0.0,0.0,0.0,0.0,0.0,0.0,0.0,0.0,0.0,0.0,0.0,0.0,0.0,0.0,0.0,0.0,0.01606234535574913,0.01606234535574913
o,0.01549981813877821,0.01549981813877821,0.0140818040817976,0.0,0.0,0.0,0.0,0.0,0.0,0.0,0.0,0.0,0.0,0.0,0.0,0.0,0.0,0.0,0.0,0.0,0.0,0.0,0.0,0.0,0.0,0.0,0.0,2.3029583560007633e-39,0.0,0.0,0.0,0.0,0.0,0.0,0.0,0.0,0.0,0.0,0.0,0.0,9.630743289032727e-29,0.0,0.0,0.0,0.0,0.0,0.0,0.0,0.0,0.0,0.0,0.0,0.0,0.0,0.0,0.0,0.0,0.0,1.697800233735336e-11,0.0,0.0,0.0,0.0,0.0,0.0,0.0,0.0,0.0,0.0,1.8216880036222622e-44,0.0,0.0,0.0,0.0,0.0,0.0,0.0,0.0,0.0,0.0,0.0,0.0,0.0,0.0,0.0,0.0,0.0,0.0,0.0,0.0,0.0,0.0,0.0,0.0,0.0,0.0,0.0,0.0,0.0,2.1019476964872256e-44,0.0,0.0,0.0,0.0,0.0,0.0,0.0,0.0,0.0,0.0,0.0,0.0,0.0,0.0,0.0,0.0,0.0,0.0,0.0,0.0,0.0,0.0,0.0,0.0,0.0,0.0,0.0,0.0,0.0,0.0,0.0,0.0,0.0,0.0,0.0,0.0,0.0,0.0,0.0,0.0,0.0,0.0,0.0,0.0,0.01549981813877821,0.01549981813877821
z,0.015455375425517559,0.015455375425517559,0.018745262175798416,0.0,0.20278796553611755,0.0,0.0,0.0,0.0,5.11271395574317e-35,1.0,0.0,0.0,3.2580287954138534e-33,0.0,0.0,0.0,0.0,0.0,0.0,0.0,0.0,6.358769471304207e-29,0.6818658113479614,0.0,0.0,0.0,9.960185802949547e-32,0.0,0.9137967824935913,0.0,0.0,0.0,0.0,0.0,0.0,0.0,0.0,0.0,0.0,6.117864298515614e-30,0.0,0.0,0.0,0.0,0.0,0.0,0.0,0.0,0.0,0.0,0.0,3.3211269664154536e-38,2.2981294814927e-43,1.6123030688319773e-10,0.0,0.0,0.0,3.042931575117369e-12,0.0,0.0,0.0,0.0,0.0,0.0,0.0,0.0,0.0,0.0,0.0,0.0,7.47427009173407e-07,0.0,0.0,4.534601830555108e-42,0.0,0.0,0.0,0.0,0.0,0.0,0.0,0.0,0.0,0.0,0.0,0.0,0.0,0.0,0.0,0.0,0.0,0.0,0.0,0.0,0.0,0.0,0.0,0.0,0.0,0.0,0.0,0.0,0.0,0.0,0.0,0.0,0.0,0.0,0.0,0.0,0.0,0.0,0.0,0.0,0.0,0.0,0.0,0.0,0.0,0.0,1.3347436762616016e-13,0.0,0.0,0.0,0.0,0.0,0.0,0.0,0.0,0.0,0.0,2.2907509168146532e-30,0.0,0.0,0.0,0.0,0.0,0.0,0.0,0.0,0.0,0.0,0.0,0.015455375425517559,0.015455375425517559
Final Prediction,1,1,I,t,Z,t,5,A,E,t,z,5,M,R,S,r,T,F,C,S,F,t,t,z,5,r,t,T,t,z,5,T,r,t,T,T,t,M,t,t,m,h,t,e,t,S,M,U,m,t,c,2,t,I,w,C,2,L,Y,e,I,S,r,7,R,t,M,W,M,M,C,t,t,2,e,I,2,E,2,I,M,W,M,C,D,M,I,M,T,T,T,T,M,F,2,Y,M,W,7,U,C,J,M,7,C,D,K,J,M,L,I,K,J,J,J,T,I,C,J,W,T,F,J,W,M,I,2,L,I,F,J,J,Z,I,J,B,7,T,T,E,Z,5,T,T,1,1
